Regional-Schlüssel;Stadtkreis/kreisfreie Stadt/Landkeis;within;home;incoming;outgoing
010010000000;Flensburg, Stadt;26400;2390;23400;11030
010020000000;Kiel, Landeshauptstadt;83910;6490;64940;25950
010030000000;Lübeck, Hansestadt;69530;5550;41190;22430
010040000000;Neumünster, Stadt;23220;1380;17940;11040
010510011011;Brunsbüttel, Stadt;3680;380;5700;1610
010510044044;Heide, Stadt;5170;560;9540;3590
010530032032;Geesthacht, Stadt;5400;820;8030;8310
010530083083;Lauenburg/ Elbe, Stadt;1640;220;2830;3150
010530090090;Mölln, Stadt;3720;470;4960;4240
010530100100;Ratzeburg, Stadt;2260;350;4890;3330
010530116116;Schwarzenbek, Stadt;2030;480;3790;4890
010530129129;Wentorf bei Hamburg;900;380;2260;4510
010540056056;Husum, Stadt;7170;380;12920;2800
010540168168;Sylt;5510;540;5790;1450
010550004004;Bad Schwartau, Stadt;2060;600;5020;6520
010550012012;Eutin, Stadt;3780;480;7310;3430
010550028028;Malente;1810;330;1570;2650
010550032032;Neustadt in Holstein, Stadt;3750;310;5680;2910
010550035035;Ratekau;1540;380;2710;5980
010550040040;Stockelsdorf;1390;670;2540;6820
010550044044;Scharbeutz;1070;420;1920;3620
010550046046;Fehmarn, Stadt;4010;560;1730;1440
010560015015;Elmshorn, Stadt;9200;1850;11910;12400
010560018018;Halstenbek;970;630;2750;7060
010560039039;Pinneberg, Stadt;5290;1180;10810;14260
010560041041;Quickborn, Stadt;2320;660;5550;7140
010560043043;Rellingen;1010;450;5990;5440
010560044044;Schenefeld, Stadt;1760;460;4840;7220
010560048048;Tornesch, Stadt;1330;400;3550;4930
010560049049;Uetersen, Stadt;2750;430;4440;5430
010560050050;Wedel, Stadt;5600;1170;7740;8760
010570057057;Plön, Stadt;1770;240;3910;1910
010570062062;Preetz, Stadt;2610;270;3620;4360
010570091091;Schwentinental, Stadt;1220;420;4700;4900
010580034034;Büdelsdorf, Stadt;1140;170;3840;3270
010580043043;Eckernförde, Stadt;5260;630;7140;4400
010580092092;Kronshagen;810;290;3840;4520
010580135135;Rendsburg, Stadt;6430;580;14540;5230
010590075075;Schleswig, Stadt;6200;590;11240;3990
010590120120;Harrislee;1200;310;3520;3520
010590183183;Handewitt;1060;290;3140;4080
010600004004;Bad Bramstedt, Stadt;2370;350;4410;3970
010600005005;Bad Segeberg, Stadt;3990;660;8640;3680
010600039039;Henstedt-Ulzburg;3160;990;5530;9940
010600044044;Kaltenkirchen, Stadt;3300;570;7390;6090
010600063063;Norderstedt, Stadt;12750;2370;25650;22800
010610029029;Glückstadt, Stadt;2090;360;2380;2740
010610046046;Itzehoe, Stadt;8200;700;12910;5330
010620001001;Ahrensburg, Stadt;4540;1590;14550;8940
010620004004;Bad Oldesloe, Stadt;4450;1000;8240;6430
010620006006;Bargteheide, Stadt;2120;500;4500;5230
010620009009;Barsbüttel;1140;430;5090;4530
010620018018;Glinde, Stadt;1500;500;6020;6460
010620060060;Reinbek, Stadt;2740;1300;8640;9200
020000000000;Hamburg, Freie und Hansestadt;723460;56140;331070;92180
031010000000;Braunschweig, Stadt;81380;6460;63290;28730
031020000000;Salzgitter, Stadt;28030;1740;26820;11300
031030000000;Wolfsburg, Stadt;47230;2170;68020;7450
031510009009;Gifhorn, Stadt;8920;1220;13520;8490
031510025025;Sassenburg;610;200;580;4670
031510040040;Wittingen, Stadt;2840;430;2320;2380
031520004004;Bovenden, Flecken;1080;620;1430;5070
031520007007;Duderstadt, Stadt;5030;710;4580;4430
031520009009;Friedland;770;210;820;2450
031520012012;Göttingen, Stadt;41940;2870;40590;10180
031520016016;Hann. Münden, Stadt;6500;930;4710;3760
031520021021;Rosdorf;1150;260;2310;4530
031530002002;Bad Harzburg, Stadt;4170;590;3210;4610
031530005005;Goslar, Stadt;11990;990;12440;5930
031530007007;Langelsheim, Stadt;2090;230;2270;3110
031530012012;Seesen, Stadt;4750;450;3050;3730
031530013013;Vienenburg, Stadt;1250;390;1750;3600
031535402004;Clausthal-Zellerfeld, Bergstadt;3370;360;2390;1740
031540010010;Helmstedt, Stadt;5080;440;6960;4530
031540013013;Königslutter am Elm, Stadt;2370;220;2150;4590
031540014014;Lehre;900;360;1160;4640
031540019019;Schöningen, Stadt;1530;230;1380;3270
031550001001;Bad Gandersheim, Stadt;2150;380;2290;1920
031550003003;Dassel, Stadt;1880;140;1240;2680
031550004004;Einbeck, Stadt;7070;790;4880;3660
031550011011;Northeim, Stadt;7950;570;7920;4850
031550012012;Uslar, Stadt;3610;420;1720;2950
031560002002;Bad Lauterberg im Harz, Stadt;2470;590;2510;1990
031560009009;Herzberg am Harz, Stadt;2760;310;3530;2640
031560011011;Osterode am Harz, Stadt;6500;780;6420;3470
031570001001;Edemissen;1290;470;1210;4440
031570003003;Ilsede;970;160;1770;3940
031570004004;Lahstedt;820;330;560;3780
031570005005;Lengede;1190;210;1170;4970
031570006006;Peine, Stadt;10950;1010;11390;9510
031570007007;Vechelde;1390;380;1230;6410
031570008008;Wendeburg;840;450;920;3920
031580006006;Cremlingen;920;450;1350;4990
031580037037;Wolfenbüttel, Stadt;9950;1200;9880;12900
032410001001;Hannover, Landeshauptstadt;182470;11680;179340;59630
032410002002;Barsinghausen, Stadt;5220;790;4650;9760
032410003003;Burgdorf, Stadt;4420;690;5010;8970
032410004004;Burgwedel, Stadt;3450;720;6830;6040
032410005005;Garbsen, Stadt;8340;1410;10570;18000
032410006006;Gehrden, Stadt;1680;460;2690;4940
032410007007;Hemmingen, Stadt;1560;580;3510;6890
032410008008;Isernhagen;2440;860;8630;8090
032410009009;Laatzen, Stadt;4710;870;12970;13050
032410010010;Langenhagen, Stadt;8200;1200;25580;15760
032410011011;Lehrte, Stadt;6760;1020;9420;13600
032410012012;Neustadt am Rübenberge, Stadt;8190;1620;5940;12370
032410013013;Pattensen, Stadt;1410;370;2890;4920
032410014014;Ronnenberg, Stadt;1670;700;3660;8880
032410015015;Seelze, Stadt;2680;680;3820;11670
032410016016;Sehnde, Stadt;2420;730;4430;8000
032410017017;Springe, Stadt;4970;1250;4490;7640
032410018018;Uetze;2390;660;2220;6720
032410019019;Wedemark;4430;1180;4830;8990
032410020020;Wennigsen (Deister);1310;470;1880;5060
032410021021;Wunstorf, Stadt;8130;1530;9340;10720
032510007007;Bassum, Stadt;2520;690;2830;4910
032510012012;Diepholz, Stadt;4550;360;5930;3090
032510037037;Stuhr;4480;1040;11250;10850
032510040040;Sulingen, Stadt;3210;570;3950;2340
032510041041;Syke, Stadt;4070;780;5050;7170
032510042042;Twistringen, Stadt;2350;380;1940;3650
032510047047;Weyhe;3600;870;3890;11320
032520001001;Aerzen, Flecken;1750;510;2430;3420
032520002002;Bad Münder am Deister, Stadt;2830;400;2540;5080
032520003003;Bad Pyrmont, Stadt;4740;570;4990;2960
032520005005;Emmerthal;1390;310;2110;3320
032520006006;Hameln, Stadt;15130;1380;15690;8480
032520007007;Hessisch Oldendorf, Stadt;2790;550;2160;5490
032520008008;Salzhemmendorf, Flecken;1460;280;1100;2840
032540002002;Alfeld (Leine), Stadt;4840;560;5940;3290
032540005005;Bad Salzdetfurth, Stadt;2240;250;2890;3790
032540008008;Bockenem, Stadt;2060;250;2320;2330
032540020020;Harsum;1220;240;1840;4480
032540021021;Hildesheim, Stadt;27910;2670;28170;14140
032540026026;Nordstemmen;1220;350;840;4450
032540028028;Sarstedt, Stadt;2720;420;4660;5540
032550023023;Holzminden, Stadt;5950;500;9390;2170
032560022022;Nienburg (Weser), Stadt;8510;640;10520;4790
032560025025;Rehburg-Loccum, Stadt;2160;300;1860;2460
032570009009;Bückeburg, Stadt;3870;570;6650;4750
032570031031;Rinteln, Stadt;5970;780;5060;5030
032570035035;Stadthagen, Stadt;4050;490;7760;4760
032575403006;Bad Nenndorf, Stadt;1250;330;2630;2680
033510004004;Bergen, Stadt;2780;460;2270;2980
033510006006;Celle, Stadt;20430;1810;20260;9360
033510012012;Hambühren;910;360;1130;3590
033510024024;Winsen (Aller);1640;440;1340;4280
033520011011;Cuxhaven, Stadt;16870;1120;6870;3840
033520030030;Langen, Stadt;1890;390;2690;6760
033520032032;Loxstedt;1590;440;1850;5860
033520050050;Schiffdorf;1070;480;2190;5460
033530005005;Buchholz in der Nordheide, Stadt;5820;1380;6920;10590
033530026026;Neu Wulmstorf;2320;570;3900;7590
033530029029;Rosengarten;810;600;1890;5290
033530031031;Seevetal;4490;1250;9010;14560
033530032032;Stelle;1150;290;2110;4260
033530040040;Winsen (Luhe), Stadt;6430;1070;6600;9330
033535406035;Tostedt;1760;370;2670;4520
033550001001;Adendorf;870;380;2460;3970
033550022022;Lüneburg, Hansestadt;20480;1760;26450;12000
033560005005;Lilienthal;2630;740;3320;5690
033560007007;Osterholz-Scharmbeck, Stadt;5350;910;6080;9100
033560008008;Ritterhude;1460;370;3260;5220
033560009009;Schwanewede;2280;780;3730;6660
033570008008;Bremervörde, Stadt;4810;530;4810;3930
033570039039;Rotenburg (Wümme), Stadt;6370;430;10650;3710
033570041041;Scheeßel;2300;470;1960;4210
033570051051;Visselhövede, Stadt;2050;320;1670;2550
033575408057;Zeven, Stadt;3660;350;6010;3050
033580008008;Bad Fallingbostel, Stadt;2410;250;3200;2750
033580016016;Munster, Stadt;3980;500;5380;2620
033580019019;Schneverdingen, Stadt;4110;620;1770;4230
033580021021;Soltau, Stadt;6680;540;7270;3050
033580022022;Walsrode, Stadt;5530;720;4340;5240
033590010010;Buxtehude, Stadt;7270;1290;9550;11930
033590013013;Drochtersen;1610;470;1040;3540
033590028028;Jork;1480;510;2070;3890
033590038038;Stade, Hansestadt;12920;1540;17510;7670
033595403023;Harsefeld, Flecken;1680;280;2280;4220
033600025025;Uelzen, Stadt;10320;480;10270;4800
033610001001;Achim, Stadt;4480;500;7760;9280
033610005005;Kirchlinteln;950;470;1220;3820
033610006006;Langwedel, Flecken;1510;460;1590;5250
033610008008;Ottersberg, Flecken;2070;420;3680;3520
033610009009;Oyten;1780;460;3240;5430
033610012012;Verden (Aller), Stadt;8370;710;12700;4110
034010000000;Delmenhorst, Stadt;14740;1290;12700;17440
034020000000;Emden, Stadt;18100;1190;18680;3390
034030000000;Oldenburg (Oldenburg), Stadt;55690;4540;40300;21580
034040000000;Osnabrück, Stadt;51060;5330;56540;22000
034050000000;Wilhelmshaven, Stadt;24970;2170;14310;6640
034510001001;Apen;2040;300;1380;3170
034510002002;Bad Zwischenahn;5050;1010;6900;6880
034510004004;Edewecht;3910;770;4160;6400
034510005005;Rastede;3630;460;5210;6330
034510007007;Westerstede, Stadt;6050;670;6690;4570
034510008008;Wiefelstede;2210;480;3780;5670
034520001001;Aurich, Stadt;11300;1280;11490;5750
034520006006;Großefehn;1940;480;1880;3780
034520012012;Ihlow;1270;740;1340;3810
034520014014;Krummhörn;1780;550;1010;3280
034520019019;Norden, Stadt;6260;770;5950;3210
034520023023;Südbrookmerland;2330;430;1840;5610
034520025025;Wiesmoor, Stadt;2540;540;2370;2800
034530001001;Barßel;2390;460;1790;2880
034530004004;Cloppenburg, Stadt;8830;940;9630;6550
034530005005;Emstek;2100;330;2830;3510
034530007007;Friesoythe, Stadt;4700;1010;4320;4600
034530008008;Garrel;3540;570;2980;3270
034530011011;Löningen, Stadt;3530;470;2500;2770
034530013013;Saterland;2250;910;2460;2910
034540014014;Geeste;1720;390;2030;3700
034540018018;Haren (Ems), Stadt;7080;690;4640;4390
034540019019;Haselünne, Stadt;2750;330;2420;3110
034540032032;Lingen (Ems), Stadt;17150;1460;13830;8190
034540035035;Meppen, Stadt;10330;730;11000;5710
034540041041;Papenburg, Stadt;11420;1050;12340;4980
034550007007;Jever, Stadt;2610;340;3310;3600
034550015015;Schortens, Stadt;2710;860;4550;5990
034550020020;Wangerland;1700;600;1390;2160
034550026026;Varel, Stadt;6540;540;5410;4510
034550027027;Zetel;1440;480;1610;3590
034560001001;Bad Bentheim, Stadt;3420;660;3760;3620
034560015015;Nordhorn, Stadt;15370;1860;9430;8830
034560025025;Wietmarschen;1930;390;1960;3780
034565403021;Schüttorf, Stadt;2820;350;3050;2870
034570013013;Leer (Ostfriesland), Stadt;10090;1020;15080;4890
034570014014;Moormerland;3040;580;1660;6520
034570017017;Ostrhauderfehn;1380;310;1340;2940
034570018018;Rhauderfehn;2090;550;1960;4920
034570020020;Uplengen;2140;410;1610;2940
034570021021;Weener, Stadt;2500;570;1480;4060
034570022022;Westoverledingen;2280;510;990;6660
034580005005;Ganderkesee;4570;720;4960;9870
034580007007;Großenkneten;2390;320;3050;3950
034580009009;Hatten;1580;430;1790;5110
034580010010;Hude (Oldb);2580;540;2630;5380
034580013013;Wardenburg;2070;630;2080;5760
034580014014;Wildeshausen, Stadt;5360;490;5040;3860
034590003003;Bad Essen;3310;520;3190;3730
034590004004;Bad Iburg, Stadt;1790;480;2420;3520
034590008008;Belm;1300;430;2050;5060
034590012012;Bissendorf;1610;290;2530;5720
034590013013;Bohmte;2270;480;1750;3850
034590014014;Bramsche, Stadt;6300;1030;5040;7460
034590019019;Georgsmarienhütte, Stadt;6130;800;8980;9840
034590020020;Hagen am Teutoburger Wald;1860;350;1210;5280
034590021021;Hasbergen;1070;340;2080;4480
034590022022;Hilter am Teutoburger Wald;1470;290;3090;4040
034590024024;Melle, Stadt;13010;2140;7380;9140
034590033033;Wallenhorst;3600;550;4210;8390
034595401030;Quakenbrück, Stadt;2810;300;4020;2950
034600002002;Damme, Stadt;4950;380;4720;3450
034600003003;Dinklage, Stadt;2910;500;2620;3680
034600006006;Lohne (Oldenburg), Stadt;7970;840;7610;4590
034600009009;Vechta, Stadt;9850;700;10960;5450
034610002002;Brake (Unterweser), Stadt;3640;410;4070;2720
034610007007;Nordenham, Stadt;8670;650;4250;2830
034620005005;Friedeburg;1300;440;1520;3170
034620019019;Wittmund, Stadt;4770;650;4910;3830
040110000000;Bremen, Stadt;207440;14150;110160;37930
040120000000;Bremerhaven, Stadt;36040;1150;27730;9460
051110000000;Düsseldorf, Stadt;201290;18830;244360;77760
051120000000;Duisburg, Stadt;120680;9520;91620;79070
051130000000;Essen, Stadt;166450;12200;119520;80750
051140000000;Krefeld, Stadt;61910;6690;49350;36310
051160000000;Mönchengladbach, Stadt;70210;7440;41850;40870
051170000000;Mülheim an der Ruhr, Stadt;36790;4290;34680;36370
051190000000;Oberhausen, Stadt;44320;4260;35890;46020
051200000000;Remscheid, Stadt;33470;3010;19300;15290
051220000000;Solingen, Stadt;46090;3880;16880;25290
051240000000;Wuppertal, Stadt;105360;9290;48130;44110
051540004004;Bedburg-Hau;1530;400;2510;4660
051540008008;Emmerich am Rhein, Stadt;7820;980;4750;6190
051540012012;Geldern, Stadt;7610;1090;8340;8130
051540016016;Goch, Stadt;6860;720;4530;9310
051540020020;Issum;1530;400;1660;4250
051540024024;Kalkar, Stadt;2340;560;3060;4330
051540028028;Kerken;1380;440;1180;4490
051540032032;Kevelaer, Stadt;5660;1080;3720;7040
051540036036;Kleve, Stadt;12090;1680;11870;9530
051540044044;Rees, Stadt;4110;460;2960;5940
051540052052;Straelen, Stadt;4160;620;5150;4030
051540064064;Weeze;1470;230;2010;3260
051580004004;Erkrath, Stadt;4900;1420;9780;14370
051580008008;Haan, Stadt;4550;980;8080;8970
051580012012;Heiligenhaus, Stadt;4120;960;6380;7420
051580016016;Hilden, Stadt;8470;1780;18810;18090
051580020020;Langenfeld (Rheinland), Stadt;11260;1810;17810;16180
051580024024;Mettmann, Stadt;5690;1310;9420;10770
051580026026;Monheim am Rhein, Stadt;5120;1020;8610;12870
051580028028;Ratingen, Stadt;15860;3800;28120;23740
051580032032;Velbert, Stadt;18500;2270;17410;17570
051580036036;Wülfrath, Stadt;2990;770;4430;6670
051620004004;Dormagen, Stadt;12960;1500;11810;15850
051620008008;Grevenbroich, Stadt;13740;1800;14120;15000
051620012012;Jüchen;1870;910;2380;7880
051620016016;Kaarst, Stadt;4620;1300;6350;14390
051620020020;Korschenbroich, Stadt;3340;1200;5580;12200
051620022022;Meerbusch, Stadt;6330;2690;10490;18110
051620024024;Neuss, Stadt;32810;4070;46440;35110
051620028028;Rommerskirchen;980;340;1420;4890
051660004004;Brüggen;2070;360;2920;5330
051660008008;Grefrath;1660;440;2650;5140
051660012012;Kempen, Stadt;6790;990;9270;9640
051660016016;Nettetal, Stadt;9050;970;6270;10780
051660020020;Niederkrüchten;1700;590;1510;5200
051660024024;Schwalmtal;2580;590;3430;6790
051660028028;Tönisvorst, Stadt;3430;920;5000;10490
051660032032;Viersen, Stadt;15890;2000;17310;17400
051660036036;Willich, Stadt;8140;1970;12440;15910
051700004004;Alpen;1590;380;2870;4690
051700008008;Dinslaken, Stadt;11100;1790;11510;19480
051700012012;Hamminkeln, Stadt;4660;910;4990;8380
051700016016;Hünxe;1170;480;2850;5220
051700020020;Kamp-Lintfort, Stadt;5520;820;10200;9820
051700024024;Moers, Stadt;17300;2590;20030;28490
051700028028;Neukirchen-Vluyn, Stadt;3300;630;4430;8550
051700032032;Rheinberg, Stadt;4630;780;5590;10070
051700036036;Schermbeck;2030;540;3110;4140
051700044044;Voerde (Niederrhein), Stadt;4770;1000;5510;11740
051700048048;Wesel, Stadt;14950;1740;16390;11940
051700052052;Xanten, Stadt;4020;610;2470;6130
053140000000;Bonn, Stadt;102110;10210;118150;42390
053150000000;Köln, Stadt;350190;36220;253230;117820
053160000000;Leverkusen, Stadt;39980;3970;37210;29800
053340002002;Aachen, Stadt;78820;7750;60340;26470
053340004004;Alsdorf, Stadt;6630;990;8730;13090
053340008008;Baesweiler, Stadt;2650;660;3400;8830
053340012012;Eschweiler, Stadt;10330;1400;10620;13690
053340016016;Herzogenrath, Stadt;5880;970;6450;15740
053340020020;Monschau, Stadt;2240;540;2860;3560
053340028028;Simmerath;2640;400;2650;4590
053340032032;Stolberg (Rhld.), Stadt;10360;1280;9350;14170
053340036036;Würselen, Stadt;4950;820;11450;12660
053580004004;Aldenhoven;1390;300;2230;4800
053580008008;Düren, Stadt;22260;2600;24640;14760
053580024024;Jülich, Stadt;6780;1010;11040;7410
053580028028;Kreuzau;1830;490;2760;6020
053580032032;Langerwehe;1040;460;1110;4900
053580036036;Linnich, Stadt;1640;270;3290;4160
053580044044;Nideggen, Stadt;1090;460;880;3220
053580048048;Niederzier;1490;430;3000;4590
053580052052;Nörvenich;1080;330;2560;4030
053620004004;Bedburg, Stadt;2880;620;2910;7930
053620008008;Bergheim, Stadt;9420;1890;13630;15660
053620012012;Brühl, Stadt;7650;1070;13100;12340
053620016016;Elsdorf, Stadt;1870;480;2260;7940
053620020020;Erftstadt, Stadt;6320;1610;5250;16000
053620024024;Frechen, Stadt;7210;1210;15830;15990
053620028028;Hürth, Stadt;8620;2300;16640;17440
053620032032;Kerpen, Stadt;9220;1930;12640;19420
053620036036;Pulheim, Stadt;6140;1830;8480;17410
053620040040;Wesseling, Stadt;5810;1050;11610;10250
053660004004;Bad Münstereifel, Stadt;2480;760;2280;5330
053660016016;Euskirchen, Stadt;12270;1380;14060;13160
053660024024;Kall;1710;290;3130;3590
053660028028;Mechernich, Stadt;4490;870;4620;7930
053660036036;Schleiden, Stadt;2640;400;2630;3270
053660040040;Weilerswist;1660;480;3030;5670
053660044044;Zülpich, Stadt;3260;710;3540;6110
053700004004;Erkelenz, Stadt;7370;1450;8860;12620
053700008008;Gangelt;1720;370;1940;3420
053700012012;Geilenkirchen, Stadt;4880;690;7050;7350
053700016016;Heinsberg, Stadt;9540;1230;10370;9130
053700020020;Hückelhoven, Stadt;5660;1050;5410;10530
053700024024;Selfkant;990;330;600;3600
053700028028;Übach-Palenberg, Stadt;3290;380;3860;7200
053700036036;Wassenberg, Stadt;1670;380;2070;6190
053700040040;Wegberg, Stadt;3890;780;4460;9050
053740004004;Bergneustadt, Stadt;3200;440;3220;4700
053740008008;Engelskirchen;3370;630;4110;5920
053740012012;Gummersbach, Stadt;11150;1160;14410;10530
053740016016;Hückeswagen, Stadt;2700;420;3220;4660
053740020020;Lindlar;4390;760;3690;6120
053740024024;Marienheide;1890;320;2680;4390
053740028028;Morsbach;2210;300;2810;2570
053740032032;Nümbrecht;2500;500;2510;5100
053740036036;Radevormwald, Stadt;5500;520;4550;5510
053740040040;Reichshof;2580;650;3700;5900
053740044044;Waldbröl, Stadt;3550;450;4280;4760
053740048048;Wiehl, Stadt;4650;600;7930;6950
053740052052;Wipperfürth, Stadt;5770;420;4610;4740
053780004004;Bergisch Gladbach, Stadt;21940;2790;23640;27340
053780008008;Burscheid, Stadt;2730;550;5000;5710
053780012012;Kürten;2860;770;2830;6790
053780016016;Leichlingen (Rheinland), Stadt;3490;920;3390;9330
053780020020;Odenthal;940;640;1060;5920
053780024024;Overath, Stadt;3990;1100;4730;8650
053780028028;Rösrath, Stadt;2930;1050;3990;9770
053780032032;Wermelskirchen, Stadt;7700;1300;6170;8660
053820004004;Alfter;1650;810;2410;9610
053820008008;Bad Honnef, Stadt;3540;1090;5800;7270
053820012012;Bornheim, Stadt;5190;1490;5740;17750
053820016016;Eitorf;3210;620;2840;4720
053820020020;Hennef (Sieg), Stadt;6480;1360;8230;15150
053820024024;Königswinter, Stadt;4900;1470;6210;13100
053820028028;Lohmar, Stadt;3310;750;5700;10970
053820032032;Meckenheim, Stadt;3050;830;7440;7000
053820036036;Much;2040;510;2540;4600
053820040040;Neunkirchen-Seelscheid;2380;760;2200;7000
053820044044;Niederkassel, Stadt;4210;920;3520;13520
053820048048;Rheinbach, Stadt;4180;930;5470;8100
053820052052;Ruppichteroth;940;430;1270;3690
053820056056;Sankt Augustin, Stadt;6620;1070;13930;18600
053820060060;Siegburg, Stadt;6330;930;16320;11910
053820064064;Swisttal;1680;580;2460;6260
053820068068;Troisdorf, Stadt;12510;1860;18520;21690
053820072072;Wachtberg;1660;770;2050;7260
053820076076;Windeck;2660;540;1350;5140
055120000000;Bottrop, Stadt;24720;2120;20570;27120
055130000000;Gelsenkirchen, Stadt;56280;3990;42920;42460
055150000000;Münster, Stadt;112970;8230;77470;32810
055540004004;Ahaus, Stadt;12230;1080;9740;7220
055540008008;Bocholt, Stadt;23510;2790;12920;10460
055540012012;Borken, Stadt;9800;1380;10270;10580
055540016016;Gescher, Stadt;3630;590;2990;4530
055540020020;Gronau (Westf.), Stadt;13830;1020;6210;7520
055540032032;Isselburg, Stadt;2120;440;2160;3170
055540040040;Raesfeld;2250;300;1540;3650
055540044044;Reken;2840;300;2600;3940
055540048048;Rhede, Stadt;3880;430;3340;5780
055540056056;Stadtlohn, Stadt;5500;470;4260;4740
055540064064;Velen;2130;260;2000;4390
055540068068;Vreden, Stadt;7360;580;4640;4030
055580004004;Ascheberg;2600;450;1980;4850
055580008008;Billerbeck, Stadt;2210;360;2210;3580
055580012012;Coesfeld, Stadt;10360;940;10340;7710
055580016016;Dülmen, Stadt;10740;1600;6040;11900
055580020020;Havixbeck;1300;380;1840;3960
055580024024;Lüdinghausen, Stadt;5270;540;4600;6100
055580028028;Nordkirchen;1330;210;1990;3300
055580032032;Nottuln;2360;790;3060;6900
055580036036;Olfen, Stadt;1650;340;1700;4060
055580040040;Rosendahl;1520;370;2060;3760
055580044044;Senden;2890;620;3650;7050
055620004004;Castrop-Rauxel, Stadt;11480;1650;8980;19910
055620008008;Datteln, Stadt;6100;840;7680;8710
055620012012;Dorsten, Stadt;14020;2450;9590;19090
055620014014;Gladbeck, Stadt;11840;1320;11570;18490
055620016016;Haltern am See, Stadt;6800;1380;3570;10550
055620020020;Herten, Stadt;9700;760;11540;15730
055620024024;Marl, Stadt;17560;1330;19110;17990
055620028028;Oer-Erkenschwick, Stadt;3340;640;3710;9650
055620032032;Recklinghausen, Stadt;20270;1830;24860;28580
055620036036;Waltrop, Stadt;4690;790;3560;8410
055660004004;Altenberge;1300;400;2970;3540
055660008008;Emsdetten, Stadt;9640;1250;7770;7280
055660012012;Greven, Stadt;7280;1020;8670;9730
055660016016;Hörstel, Stadt;3450;480;3950;6350
055660028028;Ibbenbüren, Stadt;12400;990;11690;11690
055660040040;Lengerich, Stadt;5430;610;6040;4190
055660048048;Lotte;1260;340;3400;5540
055660056056;Mettingen;2210;290;3780;3770
055660060060;Neuenkirchen;2140;390;2730;4300
055660068068;Ochtrup, Stadt;4620;530;3420;4370
055660072072;Recke;1580;310;1780;3970
055660076076;Rheine, Stadt;20790;1590;15460;14190
055660084084;Steinfurt, Stadt;7490;840;6720;8260
055660092092;Westerkappeln;1350;270;2560;3970
055700004004;Ahlen, Stadt;11340;1830;8470;9550
055700008008;Beckum, Stadt;9620;650;8670;7390
055700016016;Drensteinfurt, Stadt;1790;570;1450;5760
055700020020;Ennigerloh, Stadt;3310;460;3510;5980
055700028028;Oelde, Stadt;7200;1100;6920;6470
055700032032;Ostbevern;1570;560;1420;3450
055700036036;Sassenberg, Stadt;2260;420;2670;4540
055700040040;Sendenhorst, Stadt;2480;350;2640;3800
055700044044;Telgte, Stadt;3150;680;4560;5910
055700048048;Wadersloh;2240;340;1680;3820
055700052052;Warendorf, Stadt;9200;950;7570;8800
057110000000;Bielefeld, Stadt;112140;7550;61320;32710
057540008008;Gütersloh, Stadt;28350;2380;28910;16390
057540012012;Halle (Westf.), Stadt;4490;630;7450;5280
057540016016;Harsewinkel, Stadt;5280;560;6990;5950
057540020020;Herzebrock-Clarholz;2990;520;4190;5120
057540028028;Rheda-Wiedenbrück, Stadt;11940;800;13160;10890
057540032032;Rietberg, Stadt;6630;1040;7840;7450
057540036036;Schloß Holte-Stukenbrock, Stadt;5500;770;5970;7480
057540040040;Steinhagen;3030;440;5020;6370
057540044044;Verl, Stadt;5230;790;9090;7570
057540048048;Versmold, Stadt;5400;670;4700;4680
057540052052;Werther (Westf.), Stadt;1530;300;2420;3770
057580004004;Bünde, Stadt;9950;1060;9830;11560
057580008008;Enger, Stadt;2050;680;3600;7440
057580012012;Herford, Stadt;15040;2130;23950;13650
057580016016;Hiddenhausen;1970;460;3810;7390
057580020020;Kirchlengern;1960;520;4670;5580
057580024024;Löhne, Stadt;6870;1000;8810;11760
057580032032;Spenge, Stadt;1660;310;2460;5320
057580036036;Vlotho, Stadt;3340;670;4270;5480
057620004004;Bad Driburg, Stadt;4660;670;3420;3580
057620008008;Beverungen, Stadt;2790;510;1550;3070
057620016016;Brakel, Stadt;3960;340;3990;3740
057620020020;Höxter, Stadt;7750;670;6490;6530
057620032032;Steinheim, Stadt;2400;260;2890;3640
057620036036;Warburg, Stadt;6600;430;4930;4210
057660008008;Bad Salzuflen, Stadt;11540;1390;10990;10930
057660016016;Blomberg, Stadt;3300;380;5240;3930
057660020020;Detmold, Stadt;19690;2680;17490;13650
057660028028;Extertal;2500;280;2120;2830
057660032032;Horn-Bad Meinberg, Stadt;2350;440;2630;5000
057660036036;Kalletal;2010;400;1680;4320
057660040040;Lage, Stadt;4400;700;4430;11200
057660044044;Lemgo, Stadt;10480;1220;10230;8400
057660048048;Leopoldshöhe;1780;460;3080;5950
057660052052;Lügde, Stadt;1350;330;1280;3390
057660056056;Oerlinghausen, Stadt;1960;400;3730;5990
057700004004;Bad Oeynhausen, Stadt;11030;1420;14750;10160
057700008008;Espelkamp, Stadt;4960;570;7050;5820
057700012012;Hille;2060;310;2270;5860
057700016016;Hüllhorst;1850;360;2340;4400
057700020020;Lübbecke, Stadt;5810;550;10080;6210
057700024024;Minden, Stadt;20410;2840;21340;12230
057700028028;Petershagen, Stadt;3450;1140;2170;8270
057700032032;Porta Westfalica, Stadt;6050;940;7650;10120
057700036036;Preußisch Oldendorf, Stadt;1840;330;1770;4220
057700040040;Rahden, Stadt;2920;450;3440;4480
057700044044;Stemwede;2990;510;4000;3560
057740008008;Bad Lippspringe, Stadt;2290;580;3220;4090
057740012012;Borchen;1380;300;1770;4890
057740016016;Büren, Stadt;4850;700;4540;5640
057740020020;Delbrück, Stadt;7050;1050;4110;8420
057740024024;Hövelhof;3180;440;3550;4390
057740028028;Lichtenau, Stadt;1440;380;1080;3620
057740032032;Paderborn, Stadt;50400;3780;36710;18210
057740036036;Salzkotten, Stadt;4280;780;5120;8090
057740040040;Bad Wünnenberg, Stadt;2290;420;2300;3470
059110000000;Bochum, Stadt;99950;9480;68270;59620
059130000000;Dortmund, Stadt;172270;11800;94670;75210
059140000000;Hagen, Stadt;54560;4330;31980;26200
059150000000;Hamm, Stadt;51000;4870;22280;23810
059160000000;Herne, Stadt;30630;2190;26070;32470
059540008008;Ennepetal, Stadt;5640;1200;9710;7940
059540012012;Gevelsberg, Stadt;4770;740;6890;9670
059540016016;Hattingen, Stadt;9150;1390;9470;15440
059540020020;Herdecke, Stadt;2830;770;3750;7620
059540024024;Schwelm, Stadt;4450;610;7570;7930
059540028028;Sprockhövel, Stadt;3140;830;5400;9470
059540032032;Wetter (Ruhr), Stadt;4990;710;8410;8040
059540036036;Witten, Stadt;20090;2320;18380;22080
059580004004;Arnsberg, Stadt;24350;2080;11590;10300
059580008008;Bestwig;2250;290;2250;3290
059580012012;Brilon, Stadt;8150;820;5040;4080
059580024024;Marsberg, Stadt;6250;320;2300;3450
059580032032;Meschede, Stadt;9260;610;7600;5030
059580036036;Olsberg, Stadt;4210;330;3300;3110
059580040040;Schmallenberg, Stadt;8200;1110;2870;4060
059580044044;Sundern (Sauerland), Stadt;8420;930;3140;5590
059580048048;Winterberg, Stadt;4000;250;2200;2590
059620004004;Altena, Stadt;3420;620;3050;4530
059620008008;Balve, Stadt;2220;420;1490;3460
059620012012;Halver, Stadt;4000;370;3880;4180
059620016016;Hemer, Stadt;7280;860;7830;8460
059620024024;Iserlohn, Stadt;24210;2530;16840;17930
059620028028;Kierspe, Stadt;3030;530;2120;4490
059620032032;Lüdenscheid, Stadt;24310;1430;18080;9800
059620036036;Meinerzhagen, Stadt;5190;670;5440;4300
059620040040;Menden (Sauerland), Stadt;13450;1100;7380;11670
059620048048;Neuenrade, Stadt;2320;500;2830;3140
059620052052;Plettenberg, Stadt;9100;610;6550;3240
059620056056;Schalksmühle;1670;290;3130;3420
059620060060;Werdohl, Stadt;3910;280;4820;4350
059660004004;Attendorn, Stadt;7890;740;7230;3900
059660008008;Drolshagen, Stadt;2130;240;2200;3960
059660012012;Finnentrop;3650;620;2840;4340
059660016016;Kirchhundem;2250;270;1470;3800
059660020020;Lennestadt, Stadt;7810;560;5490;5400
059660024024;Olpe, Stadt;6150;900;8780;5850
059660028028;Wenden;3680;640;3850;6160
059700004004;Bad Berleburg, Stadt;6270;630;2520;3370
059700008008;Burbach;3210;400;4820;3800
059700016016;Freudenberg, Stadt;3190;600;4070;5720
059700020020;Hilchenbach, Stadt;3060;430;3240;4060
059700024024;Kreuztal, Stadt;5950;1030;7460;7550
059700028028;Bad Laasphe, Stadt;3040;700;2020;3340
059700032032;Netphen, Stadt;4230;610;4750;7660
059700036036;Neunkirchen;2820;420;4150;3470
059700040040;Siegen, Stadt;29870;2410;28860;15900
059700044044;Wilnsdorf;3030;560;4800;7020
059740004004;Anröchte;1810;270;1930;3400
059740008008;Bad Sassendorf;1530;330;2720;3300
059740012012;Ense;1640;370;2530;4260
059740016016;Erwitte, Stadt;2340;390;3310;5170
059740020020;Geseke, Stadt;3910;670;2990;5780
059740024024;Lippetal;1860;330;1140;3970
059740028028;Lippstadt, Stadt;20720;2120;15890;9380
059740032032;Möhnesee;1510;410;1580;3700
059740036036;Rüthen, Stadt;1770;360;1960;3330
059740040040;Soest, Stadt;13470;1130;14070;8060
059740044044;Warstein, Stadt;7540;510;4950;4890
059740048048;Welver;1040;460;920;4690
059740052052;Werl, Stadt;6560;670;6540;7000
059740056056;Wickede (Ruhr);2280;330;3220;3100
059780004004;Bergkamen, Stadt;5760;610;7230;14270
059780008008;Bönen;1980;330;5720;5280
059780012012;Fröndenberg/Ruhr, Stadt;2630;570;2430;6490
059780016016;Holzwickede;1990;460;5200;5650
059780020020;Kamen, Stadt;5580;1290;8110;13370
059780024024;Lünen, Stadt;15680;1180;15730;18400
059780028028;Schwerte, Stadt;9440;1250;8120;12400
059780032032;Selm, Stadt;3550;670;3360;7830
059780036036;Unna, Stadt;12410;1260;20000;13930
059780040040;Werne, Stadt;5490;710;6380;7890
064110000000;Darmstadt, Wissenschaftsstadt;39980;7010;79220;25010
064120000000;Frankfurt am Main, Stadt;247820;20990;342530;82970
064130000000;Offenbach am Main, Stadt;20310;3520;36720;30020
064140000000;Wiesbaden, Landeshauptstadt;81130;8110;79460;44400
064310002002;Bensheim, Stadt;7630;1560;13230;10590
064310005005;Bürstadt, Stadt;1920;430;2110;5210
064310007007;Fürth;1480;360;1520;3530
064310011011;Heppenheim (Bergstraße), Kreisstadt;4650;1040;8720;6900
064310013013;Lampertheim, Stadt;4250;1460;5740;10000
064310016016;Lorsch, Karolingerstadt;1700;560;2600;4640
064310017017;Mörlenbach;1040;390;1400;3740
064310020020;Viernheim, Stadt;5660;1060;6890;10020
064310021021;Wald-Michelbach;1700;610;1040;3070
064320002002;Babenhausen, Stadt;2300;640;4330;5230
064320004004;Dieburg, Stadt;2270;490;6920;4500
064320008008;Griesheim, Stadt;2800;1090;4690;9630
064320010010;Groß-Umstadt, Stadt;3410;770;3860;6790
064320011011;Groß-Zimmern;1300;430;1710;5220
064320014014;Mühltal;1160;400;2850;5170
064320015015;Münster;1150;420;1310;5650
064320016016;Ober-Ramstadt, Stadt;1680;550;2910;5160
064320018018;Pfungstadt, Stadt;3200;900;4460;8390
064320019019;Reinheim, Stadt;1360;370;1660;6440
064320020020;Roßdorf;1170;410;2150;4580
064320022022;Seeheim-Jugenheim;1380;610;1980;5810
064320023023;Weiterstadt, Stadt;2790;690;8160;9060
064330002002;Bischofsheim;740;290;2090;4950
064330003003;Büttelborn;1000;590;1600;5650
064330005005;Ginsheim-Gustavsburg;1400;340;4270;5970
064330006006;Groß-Gerau, Stadt;3940;780;8630;7050
064330007007;Kelsterbach, Stadt;1630;390;7840;4630
064330008008;Mörfelden-Walldorf, Stadt;4750;800;7500;10960
064330009009;Nauheim;740;220;1160;4020
064330010010;Raunheim, Stadt;1070;370;4470;5450
064330011011;Riedstadt, Stadt;2170;570;3300;8460
064330012012;Rüsselsheim, Stadt;10640;1940;26610;15870
064330014014;Trebur;1200;370;1400;5280
064340001001;Bad Homburg v. d. Höhe, Stadt;8740;2610;25350;14030
064340002002;Friedrichsdorf, Stadt;2700;1090;5050;8500
064340005005;Königstein im Taunus, Stadt;1990;700;4050;4940
064340006006;Kronberg im Taunus, Stadt;1890;1060;7400;5460
064340007007;Neu-Anspach, Stadt;1580;570;2380;5700
064340008008;Oberursel (Taunus), Stadt;6550;1440;14730;13870
064340011011;Usingen, Stadt;1860;610;3100;4360
064350002002;Bad Soden-Salmünster, Stadt;2310;470;2680;4140
064350006006;Bruchköbel, Stadt;1880;670;2550;7330
064350007007;Erlensee;1270;400;2260;4990
064350009009;Freigericht;1950;500;1980;5490
064350010010;Gelnhausen, Barbarossast., Krst.;3830;800;11670;6540
064350012012;Gründau;1900;490;2660;5300
064350014014;Hanau, Brüder-Grimm-Stadt;17800;2320;36030;19990
064350017017;Langenselbold, Stadt;1500;380;4030;5470
064350019019;Maintal, Stadt;3840;1230;6630;12930
064350021021;Nidderau, Stadt;2280;670;1960;7910
064350023023;Rodenbach;740;400;1430;3910
064350025025;Schlüchtern, Stadt;3460;660;3760;3800
064350026026;Schöneck;910;350;1340;4910
064350028028;Steinau an der Straße, Brüder-Grimm-Stadt;1590;350;2570;3230
064350029029;Wächtersbach, Stadt;2100;280;2900;3850
064360001001;Bad Soden am Taunus, Stadt;2000;870;4730;7580
064360002002;Eppstein, Stadt;1140;620;1500;5240
064360003003;Eschborn, Stadt;2980;650;29460;6800
064360004004;Flörsheim am Main, Stadt;1690;530;3580;8300
064360005005;Hattersheim am Main, Stadt;2470;570;3820;9560
064360006006;Hochheim am Main, Stadt;1870;490;2420;6310
064360007007;Hofheim am Taunus, Kreisstadt;4960;1570;11520;13180
064360008008;Kelkheim (Taunus), Stadt;3180;1000;3810;10070
064360009009;Kriftel;950;300;2770;4400
064360011011;Schwalbach am Taunus, Stadt;1150;360;6870;5310
064370006006;Erbach, Kreisstadt;2450;360;3990;3370
064370011011;Michelstadt, Stadt;3070;420;3870;4710
064380001001;Dietzenbach, Kreisstadt;3860;1170;10580;9360
064380002002;Dreieich, Stadt;5330;1470;12230;12840
064380003003;Egelsbach;1150;360;2890;4050
064380004004;Hainburg;1570;440;1870;4840
064380005005;Heusenstamm, Stadt;1880;700;5120;6180
064380006006;Langen (Hessen), Stadt;4980;1230;13050;11800
064380008008;Mühlheim am Main, Stadt;3260;1240;4370;9880
064380009009;Neu-Isenburg, Stadt;4530;1550;17300;11350
064380010010;Obertshausen, Stadt;2980;730;4950;8370
064380011011;Rodgau, Stadt;5850;1390;7530;15110
064380012012;Rödermark, Stadt;3180;1090;4550;9120
064380013013;Seligenstadt, Stadt;2990;860;4480;6620
064390002002;Bad Schwalbach, Kreisstadt;1490;400;3090;3380
064390003003;Eltville am Rhein, Stadt;2610;660;5420;5360
064390004004;Geisenheim, Stadt;1780;440;2900;3560
064390007007;Hünstetten;830;390;930;4090
064390008008;Idstein, Stadt;3540;850;5600;7240
064390011011;Niedernhausen;1040;610;1350;5660
064390012012;Oestrich-Winkel, Stadt;1230;560;1860;4070
064390015015;Taunusstein, Stadt;3960;900;5690;9450
064400001001;Altenstadt;1430;430;2750;4110
064400002002;Bad Nauheim, Stadt;5330;1130;7590;7810
064400003003;Bad Vilbel, Stadt;3620;1060;8100;11380
064400004004;Büdingen, Stadt;3550;820;4040;6310
064400005005;Butzbach, Stadt;3640;900;5090;7150
064400008008;Friedberg (Hessen), Kreisstadt;4300;1020;11220;8320
064400012012;Karben, Stadt;2800;800;5740;7280
064400016016;Nidda, Stadt;3350;490;3780;4160
064400023023;Rosbach v. d. Höhe, Stadt;1260;470;3500;4520
065310002002;Biebertal;800;330;860;4040
065310003003;Buseck;1340;300;2520;4840
065310005005;Gießen, Universitätsstadt;19650;1900;40650;13560
065310006006;Grünberg, Stadt;1990;580;2380;4520
065310008008;Hungen, Stadt;1850;390;2210;4060
065310009009;Langgöns;1420;450;2190;4470
065310010010;Laubach, Stadt;1700;210;1440;2840
065310011011;Lich, Stadt;1900;530;3210;4350
065310012012;Linden, Stadt;1410;370;3020;4330
065310014014;Pohlheim, Stadt;1680;520;2100;6380
065310016016;Reiskirchen;1130;380;2100;3820
065310018018;Wettenberg;1160;380;2910;4750
065320001001;Aßlar, Stadt;1650;340;3210;4650
065320003003;Braunfels, Stadt;1120;380;1800;3720
065320006006;Dillenburg, Stadt;5180;720;8130;5770
065320009009;Eschenburg;1460;350;2140;3480
065320011011;Haiger, Stadt;4410;380;6240;4570
065320012012;Herborn, Stadt;4210;600;8700;5140
065320014014;Hüttenberg;1080;330;1510;4120
065320021021;Solms, Stadt;1390;380;2490;5050
065320023023;Wetzlar, Stadt;12590;1100;21820;10500
065330003003;Bad Camberg, Stadt;1890;450;3110;4640
065330007007;Hadamar, Stadt;1290;300;2600;3990
065330009009;Limburg a.d. Lahn, Kreisstadt;6640;890;18920;7920
065330017017;Weilburg, Stadt;2630;400;5230;3230
065340004004;Biedenkopf, Stadt;3030;370;4670;3150
065340007007;Dautphetal;2100;340;2920;3460
065340010010;Gladenbach, Stadt;2310;350;2200;3460
065340011011;Kirchhain, Stadt;2150;530;3060;5720
065340014014;Marburg, Universitätsstadt;22930;2210;27790;10190
065340018018;Stadtallendorf, Stadt;5230;520;9710;3850
065350001001;Alsfeld, Stadt;4390;470;4960;3030
065350011011;Lauterbach (Hessen), Kreisstadt;3490;460;5330;2260
065350016016;Schotten, Stadt;1960;330;1230;2950
066110000000;Kassel, documenta-Stadt;61240;5640;72100;23180
066310006006;Eichenzell;1620;300;3410;3920
066310009009;Fulda, Stadt;20560;1730;37120;8580
066310015015;Hünfeld, Konrad-Zuse-Stadt;3370;520;5170;3680
066310017017;Künzell;1170;460;2090;6560
066310018018;Neuhof;1380;240;2110;3640
066310020020;Petersberg;1070;410;3630;5870
066320002002;Bad Hersfeld, Kreisstadt;8430;680;15770;3590
066320003003;Bebra, Stadt;2250;620;3620;3250
066320018018;Rotenburg a. d. Fulda, Stadt;2700;220;3380;3440
066330003003;Baunatal, Stadt;5360;910;18710;6930
066330009009;Fuldatal;1040;280;1790;4150
066330013013;Hofgeismar, Stadt;3770;500;4110;3120
066330015015;Kaufungen;1390;430;3220;4710
066330017017;Lohfelden;1280;380;3710;5040
066330020020;Niestetal;1070;350;5450;4020
066330023023;Schauenburg;660;350;720;4130
066330026026;Vellmar, Stadt;1290;510;2400;6980
066330028028;Wolfhagen, Stadt;2090;550;2340;3840
066340001001;Borken (Hessen), Stadt;1610;280;1420;3880
066340003003;Felsberg, Stadt;1490;210;910;3560
066340005005;Fritzlar, Dom- und Kaiserstadt;2600;520;5380;4120
066340009009;Homberg (Efze), Kreisstadt;3180;370;4220;3570
066340014014;Melsungen, Stadt;3730;410;8340;2280
066340022022;Schwalmstadt, Stadt;4550;690;5430;3450
066350002002;Bad Arolsen, Stadt;4290;370;4260;2830
066350003003;Bad Wildungen, Stadt;5030;600;5230;2890
066350011011;Frankenberg (Eder), Stadt;4290;330;5080;3960
066350015015;Korbach, Kreisstadt;7670;480;8090;3310
066360003003;Eschwege, Kreisstadt;4540;540;7170;3190
066360006006;Hessisch Lichtenau, Stadt;2620;400;2620;3120
066360016016;Witzenhausen, Stadt;3180;520;3150;3220
071110000000;Koblenz, Stadt;35620;4180;57400;15290
071310007007;Bad Neuenahr-Ahrweiler, Stadt;6800;720;8180;4820
071310070070;Remagen, Stadt;2170;510;3220;5160
071310077077;Sinzig, Stadt;2190;440;2990;6010
071310090090;Grafschaft;850;370;2150;4900
071325002006;Betzdorf, Stadt;1640;310;4120;2620
071330006006;Bad Kreuznach, Stadt;11250;1120;21420;7840
071340045045;Idar-Oberstein, Stadt;8580;870;8910;4200
071370003003;Andernach, Stadt;6730;580;10490;6590
071370068068;Mayen, Stadt;4780;540;9410;3840
071370203203;Bendorf, Stadt;2140;290;3070;5520
071375008216;Mülheim-Kärlich, Stadt;1310;360;5720;4110
071380045045;Neuwied, Stadt;15570;1790;17160;12000
071400501501;Boppard, Stadt;3550;350;3130;3910
071410075075;Lahnstein, Stadt;2960;370;5290;5110
071415003029;Diez, Stadt;1850;330;6460;2900
071435004048;Montabaur, Stadt;2510;320;9560;3720
072110000000;Trier, Stadt;37350;3720;35230;15460
072310134134;Wittlich, Stadt;5610;580;12230;2950
072310502502;Morbach;3020;250;2130;2210
072320018018;Bitburg, Stadt;4080;250;9380;2730
072355003068;Konz, Stadt;2370;540;3310;6370
073110000000;Frankenthal (Pfalz), Stadt;8070;920;11260;12240
073120000000;Kaiserslautern, Stadt;31590;2160;35350;11270
073130000000;Landau in der Pfalz, Stadt;11920;1020;15450;9910
073140000000;Ludwigshafen am Rhein, Stadt;37840;3660;69040;29580
073150000000;Mainz, Stadt;61360;6800;74760;37450
073160000000;Neustadt an der Weinstraße, Stadt;11960;1710;11250;11510
073170000000;Pirmasens, Stadt;11520;620;13130;4900
073180000000;Speyer, Stadt;12610;1430;19270;10580
073190000000;Worms, Stadt;20850;2550;16610;15000
073200000000;Zweibrücken, Stadt;8860;570;11180;6410
073310003003;Alzey, Stadt;4290;520;8980;3900
073320002002;Bad Dürkheim, Stadt;3310;550;6670;4620
073320024024;Grünstadt, Stadt;2320;550;5830;3300
073320025025;Haßloch;2560;530;2850;6720
073340007007;Germersheim, Stadt;4360;750;8100;4470
073340501501;Wörth am Rhein, Stadt;2580;410;13000;5760
073375004038;Herxheim bei Landau/ Pfalz;1780;240;2690;3660
073380005005;Böhl-Iggelheim;770;330;1160;4170
073380017017;Limburgerhof;730;310;2800;4130
073380019019;Mutterstadt;970;330;2620;4530
073380025025;Schifferstadt, Stadt;2210;480;3660;6430
073390005005;Bingen am Rhein, Stadt;4350;1210;8660;6770
073390030030;Ingelheim am Rhein, Stadt;5080;910;11530;6890
081110000000;Stuttgart, Landeshauptstadt;207160;18460;231400;80280
081150003003;Böblingen, Stadt;7640;1560;30210;13400
081150028028;Leonberg, Stadt;7400;1660;11720;14450
081150041041;Renningen, Stadt;2260;370;4100;6050
081150042042;Rutesheim, Stadt;1330;280;2770;3500
081150045045;Sindelfingen, Stadt;15180;1520;48570;12500
081150050050;Weil der Stadt, Stadt;2290;560;2940;6660
081155002015;Gärtringen;1080;280;2490;4620
081155003021;Herrenberg, Stadt;4920;1110;7500;9490
081155004024;Holzgerlingen, Stadt;1460;280;3890;4370
081160015015;Denkendorf;1040;360;2530;4120
081160019019;Esslingen am Neckar, Stadt;17770;2440;31330;23440
081160047047;Neuhausen auf den Fildern;1360;440;4780;4230
081160072072;Wernau (Neckar), Stadt;1350;240;3070;4400
081160077077;Filderstadt, Stadt;6840;1330;10980;15660
081160078078;Leinfelden-Echterdingen, Stadt;5940;1050;16890;12470
081160080080;Ostfildern, Stadt;4900;1150;9760;13020
081165001033;Kirchheim unter Teck, Stadt;8270;1380;12420;10750
081165005049;Nürtingen, Stadt;7880;1020;12020;10080
081165006056;Plochingen, Stadt;1510;420;4320;4760
081165009071;Wendlingen am Neckar, Stadt;1590;730;4340;5770
081175002018;Ebersbach an der Fils, Stadt;1750;440;2980;5270
081175003019;Eislingen/Fils, Stadt;2670;500;5630;6790
081175004024;Geislingen an der Steige, Stadt;5150;990;6090;6740
081175005026;Göppingen, Stadt;12930;1490;23080;12370
081175006015;Donzdorf, Stadt;1540;440;1400;3650
081175010051;Uhingen, Stadt;1740;320;3660;4820
081180003003;Asperg, Stadt;970;300;3180;5280
081180011011;Ditzingen, Stadt;3250;470;8500;8340
081180019019;Gerlingen, Stadt;2320;660;6010;6550
081180046046;Kornwestheim, Stadt;3590;580;7410;11290
081180048048;Ludwigsburg, Stadt;18340;2900;38070;23380
081180050050;Markgröningen, Stadt;1970;390;3970;5170
081180051051;Möglingen;790;290;2080;4470
081180076076;Sachsenheim, Stadt;2140;360;2620;6450
081180080080;Korntal-Münchingen, Stadt;2330;560;6070;6560
081180081081;Remseck am Neckar, Stadt;1940;640;2400;9850
081185001007;Besigheim, Stadt;1380;340;4330;4410
081185002071;Tamm;800;330;3390;5420
081185002079;Bietigheim-Bissingen, Stadt;8750;1470;16040;11270
081185004078;Freiberg am Neckar, Stadt;1630;460;5030;6120
081185005049;Marbach am Neckar, Stadt;1740;360;3600;5740
081185006067;Schwieberdingen;1180;270;6660;4480
081185007070;Steinheim an der Murr, Stadt;1040;320;1700;4930
081185008073;Vaihingen an der Enz, Stadt;5330;740;5980;8090
081190020020;Fellbach, Stadt;7830;870;17880;14790
081190041041;Korb;1180;310;1560;3800
081190044044;Murrhardt, Stadt;2830;270;2030;3640
081190061061;Rudersberg;1560;260;1670;3930
081190079079;Waiblingen, Stadt;9290;1760;20530;15880
081190090090;Remshalden;1420;460;2820;5240
081190091091;Weinstadt, Stadt;3470;850;6080;9210
081190093093;Kernen im Remstal;1700;370;3210;5350
081195001008;Backnang, Stadt;7120;1120;10100;8740
081195003067;Schorndorf, Stadt;6780;1010;9520;11320
081195005084;Welzheim, Stadt;2390;210;2070;2970
081195006042;Leutenbach;780;280;1410;4530
081195006085;Winnenden, Stadt;4580;660;8810;8410
081210000000;Heilbronn, Stadt;32870;3720;46150;21290
081250058058;Leingarten;1440;220;2900;4200
081255001005;Bad Friedrichshall, Stadt;2420;280;3660;6770
081255002006;Bad Rappenau, Stadt;3320;460;2800;6660
081255003013;Brackenheim, Stadt;2500;390;3110;4920
081255004026;Eppingen, Stadt;4260;560;2690;6030
081255006056;Lauffen am Neckar, Stadt;1900;270;3090;3590
081255008065;Neckarsulm, Stadt;5820;790;30110;6550
081255011110;Obersulm;1630;520;2190;4720
081255013086;Schwaigern, Stadt;1840;690;2750;3330
081255014102;Weinsberg, Stadt;1360;340;4280;4140
081260011011;Bretzfeld;1390;430;1780;4920
081265003046;Künzelsau, Stadt;3660;420;9760;3570
081265005066;Öhringen, Stadt;5680;470;7650;5780
081275002014;Crailsheim, Stadt;11320;560;10680;4890
081275006025;Gaildorf, Stadt;2630;360;1920;3210
081275009076;Schwäbisch Hall, Stadt;11460;900;14710;6070
081280131131;Wertheim, Stadt;7450;500;6020;3680
081280139139;Lauda-Königshofen, Stadt;2240;380;3010;4420
081285001007;Bad Mergentheim, Stadt;6290;590;8220;4120
081285004115;Tauberbischofsheim, Stadt;3550;250;6100;2880
081350015015;Gerstetten;1890;330;1270;3690
081350020020;Herbrechtingen, Stadt;2250;310;3720;3990
081355001016;Giengen an der Brenz, Stadt;3630;480;4700;4840
081355002019;Heidenheim an der Brenz, Stadt;11740;1500;16640;7010
081360042042;Lorch, Stadt;1660;210;2200;3620
081365001088;Aalen, Stadt;20070;1330;17930;10890
081365002010;Bopfingen, Stadt;2380;330;2600;3080
081365003019;Ellwangen (Jagst), Stadt;6410;760;8160;4790
081365006028;Heubach, Stadt;1560;150;2670;3150
081365007065;Schwäbisch Gmünd, Stadt;16230;1790;16750;9560
082110000000;Baden-Baden, Stadt;14080;1680;18990;10330
082120000000;Karlsruhe, Stadt;99070;9950;104200;40380
082150017017;Ettlingen, Stadt;6950;1250;16940;10820
082150046046;Malsch;1810;260;2850;5210
082150064064;Östringen, Stadt;1590;320;2010;4520
082150084084;Ubstadt-Weiher;1280;420;1800;5090
082150096096;Karlsbad;2710;550;5190;5260
082150097097;Kraichtal, Stadt;1870;390;1510;5290
082150101101;Pfinztal;1950;600;1860;6700
082150102102;Eggenstein-Leopoldshafen;1920;500;6600;5800
082150105105;Linkenheim-Hochstetten;920;220;820;4800
082150106106;Waghäusel, Stadt;3330;500;4940;6450
082150108108;Rheinstetten, Stadt;2260;600;2970;7880
082150109109;Stutensee, Stadt;2000;640;4210;9490
082150110110;Waldbronn;1470;360;2330;4250
082155001100;Bad Schönborn;1570;270;2530;4210
082155002007;Bretten, Stadt;6200;710;9330;6950
082155003009;Bruchsal, Stadt;9540;1110;20850;10080
082155004099;Graben-Neudorf;1610;260;3000;4200
082155005059;Oberderdingen;1910;310;3640;3090
082155006066;Philippsburg, Stadt;1610;290;3960;4020
082160015015;Gaggenau, Stadt;5310;700;8250;8080
082165002007;Bühl, Stadt;7090;680;12230;7530
082165003009;Durmersheim;1060;350;1320;4970
082165004017;Gernsbach, Stadt;2160;270;2870;4670
082165005043;Rastatt, Stadt;11430;780;20040;10170
082165007049;Sinzheim;920;370;1950;4680
082210000000;Heidelberg, Stadt;46590;5550;65270;23610
082220000000;Mannheim, Universitätsstadt;93370;6180;112170;42100
082250014014;Buchen (Odenwald), Stadt;4560;350;4350;3930
082255001109;Walldürn, Stadt;2350;440;3490;2890
082255005058;Mosbach, Stadt;6400;650;9810;3940
082260009009;Brühl;1120;360;1730;5630
082260012012;Dossenheim;840;390;1520;5080
082260018018;Eppelheim, Stadt;1380;310;3460;5870
082260028028;Heddesheim;1070;350;3110;4250
082260037037;Ketsch;1200;380;2110;4640
082260038038;Ladenburg, Stadt;1600;420;4260;3670
082260041041;Leimen, Stadt;2220;740;3470;10020
082260060060;Nußloch;890;380;2230;4410
082260062062;Oftersheim;670;250;920;4870
082260076076;Sandhausen;1210;400;1790;5930
082260082082;Schriesheim, Stadt;1510;440;1840;5730
082260084084;Schwetzingen, Stadt;2550;600;8040;8240
082260095095;Walldorf, Stadt;2750;520;17770;4010
082260096096;Weinheim, Stadt;8900;1780;15930;10730
082260103103;St. Leon-Rot;1840;360;5310;4480
082260105105;Edingen-Neckarhausen;1010;360;1770;5280
082265001013;Eberbach, Stadt;3460;370;3800;2900
082265003031;Hemsbach, Stadt;940;350;1070;4690
082265004032;Hockenheim, Stadt;2990;470;5810;7050
082265005056;Neckargemünd, Stadt;1400;430;3250;4440
082265008085;Sinsheim, Stadt;8400;940;8240;8000
082265010098;Wiesloch, Stadt;4010;960;13090;7710
082310000000;Pforzheim, Stadt;31750;2740;34600;19090
082355001006;Altensteig, Stadt;2170;340;2690;2720
082355006085;Calw, Stadt;4540;650;7210;5360
082355007046;Nagold, Stadt;4750;790;7770;5160
082355008079;Bad Wildbad, Stadt;2180;340;1670;2150
082360004004;Birkenfeld;1340;320;3800;3680
082360046046;Niefern-Öschelbronn;1480;280;3570;4090
082360071071;Remchingen;1470;400;2320;4220
082360072072;Straubenhardt;1580;420;2180;3620
082365004040;Mühlacker, Stadt;4910;780;6610;6710
082370004004;Baiersbronn;4610;570;1700;2910
082375002028;Freudenstadt, Stadt;6180;740;7210;4400
082375003040;Horb am Neckar, Stadt;5840;700;5190;6870
083110000000;Freiburg im Breisgau, Stadt;77690;7850;63240;26140
083150076076;Neuenburg am Rhein, Stadt;2060;320;3060;3810
083155001006;Bad Krozingen, Stadt;3000;590;5880;5350
083155002015;Breisach am Rhein, Stadt;2540;330;2790;4550
083155005047;Gundelfingen;960;320;2710;4530
083155012074;Müllheim, Stadt;3770;580;6050;4700
083155017113;Titisee-Neustadt, Stadt;3180;450;3210;2570
083165001009;Denzlingen;1470;280;2430;5160
083165003011;Emmendingen, Stadt;4880;780;7800;7460
083165003043;Teningen;1620;330;3520;4100
083165006056;Waldkirch, Stadt;4170;450;6170;5730
083170031031;Friesenheim;1790;250;1620;4870
083170057057;Kehl, Stadt;9120;1030;7660;6790
083170153153;Rheinau, Stadt;2120;270;1680;3610
083175001001;Achern, Stadt;5610;640;8070;6850
083175002026;Ettenheim, Stadt;1770;280;2190;4380
083175003034;Gengenbach, Stadt;2080;200;2640;3120
083175007065;Lahr/Schwarzwald, Stadt;11220;1190;12970;8440
083175009089;Oberkirch, Stadt;5190;600;4520;4890
083175010096;Offenburg, Stadt;17360;1850;25870;9800
083255002045;Oberndorf am Neckar, Stadt;3280;430;4610;3240
083255003049;Rottweil, Stadt;6200;940;10360;5490
083255005053;Schramberg, Stadt;5680;780;7160;4280
083255006057;Sulz am Neckar, Stadt;2670;320;2890;3390
083260003003;Bad Dürrheim, Stadt;1700;650;3170;3690
083260005005;Blumberg, Stadt;2740;230;2100;2200
083260052052;St. Georgen im Schwarzwald, Stadt;3410;290;3040;3030
083265001012;Donaueschingen, Stadt;5290;740;7980;5040
083265004074;Villingen-Schwenningen, Stadt;24410;2020;19330;12260
083275004046;Spaichingen, Stadt;2720;270;3540;3200
083275005049;Trossingen, Stadt;2600;460;2800;4340
083275006050;Tuttlingen, Stadt;11160;850;14100;4340
083350063063;Radolfzell am Bodensee, Stadt;6350;960;8020;8010
083355001022;Engen, Stadt;1590;250;2300;3290
083355002028;Gottmadingen;1220;300;2210;3610
083355004043;Konstanz, Universitätsstadt;27440;2200;12350;10080
083355005075;Singen (Hohentwiel), Stadt;11790;1230;18190;8750
083355005100;Rielasingen-Worblingen;1140;340;1200;4930
083355006079;Stockach, Stadt;3630;650;5150;4160
083360084084;Steinen;970;260;1560;3850
083360091091;Weil am Rhein, Stadt;5540;580;7300;8170
083360105105;Grenzach-Wyhlen;2130;340;3310;4550
083365003050;Lörrach, Stadt;10850;920;13790;12630
083365004069;Rheinfelden (Baden), Stadt;7380;830;4940;7750
083365007081;Schopfheim, Stadt;3640;590;4760;5540
083370116116;Wehr, Stadt;2130;410;1660;3840
083375005096;Bad Säckingen, Stadt;4040;340;5750;3650
083375007126;Waldshut-Tiengen, Stadt;5850;840;8400;4710
084150019019;Eningen unter Achalm;1080;370;2600;4060
084150059059;Pfullingen, Stadt;2170;420;4580;6000
084150061061;Reutlingen, Stadt;30410;2230;31540;23240
084155002050;Metzingen, Stadt;4360;560;10160;5770
084155003053;Münsingen, Stadt;3210;500;2560;3680
084155005078;Bad Urach, Stadt;2390;340;3930;3310
084160041041;Tübingen, Universitätsstadt;25920;3450;28590;14050
084160048048;Ammerbuch;1110;380;1340;4500
084165002025;Mössingen, Stadt;3120;790;3910;6240
084165003036;Rottenburg am Neckar, Stadt;7440;1250;5490;12360
084170013013;Burladingen, Stadt;2110;260;1240;3850
084170025025;Haigerloch, Stadt;2000;270;1240;3410
084175001079;Albstadt, Stadt;13460;930;9680;6660
084175002002;Balingen, Stadt;9690;1200;10210;6180
084175004031;Hechingen, Stadt;3740;370;5600;5190
084175005044;Meßstetten, Stadt;1830;210;2210;3330
084210000000;Ulm, Universitätsstadt;36780;4490;60700;19920
084250039039;Erbach, Stadt;1870;280;2230;4920
084250141141;Blaustein;1460;410;1330;6310
084255002020;Blaubeuren, Stadt;2390;350;3510;3000
084255005033;Ehingen (Donau), Stadt;6780;1060;9130;5070
084255007071;Laichingen, Stadt;2810;510;2340;2660
084255008072;Langenau, Stadt;2520;570;3560;4150
084265003021;Biberach an der Riß, Stadt;9930;900;19300;4920
084265005070;Laupheim, Stadt;5640;460;8720;4510
084265007097;Riedlingen, Stadt;2010;490;2930;2600
084350035035;Meckenbeuren;2100;420;3370;4480
084355002016;Friedrichshafen, Stadt;19120;1520;20630;8780
084355003034;Markdorf, Stadt;2290;580;4090;3880
084355005052;Salem;1670;440;2050;3910
084355006057;Tettnang, Stadt;3790;630;6340;5560
084355007059;Überlingen, Stadt;5690;980;7000;3930
084360010010;Bad Wurzach, Stadt;3440;500;1840;3420
084360049049;Isny im Allgäu, Stadt;4280;320;4420;2190
084365002009;Bad Waldsee, Stadt;5130;620;4120;4760
084365004055;Leutkirch im Allgäu, Stadt;6640;920;4700;4330
084365005064;Ravensburg, Stadt;12750;1470;24370;11020
084365005082;Weingarten, Stadt;4080;420;10880;7330
084365007081;Wangen im Allgäu, Stadt;7440;730;6950;5210
084375004088;Pfullendorf, Stadt;3760;320;5510;2700
084375005100;Bad Saulgau, Stadt;4300;380;4200;4080
084375006104;Sigmaringen, Stadt;4150;540;8360;2940
091610000000;Ingolstadt;44250;4010;56180;16730
091620000000;München, Landeshauptstadt;552900;52630;355880;150550
091630000000;Rosenheim;16410;2340;24560;12330
091710111111;Altötting, St;2390;480;6590;3320
091710112112;Burghausen, St;5710;410;12400;2520
091710113113;Burgkirchen a.d.Alz;1540;280;3860;3190
091720114114;Bad Reichenhall, GKSt;4510;520;6150;3120
091720118118;Freilassing, St;3320;460;5700;4650
091730112112;Bad Tölz, St;4280;580;6250;4180
091730126126;Geretsried, St;5150;590;4930;6280
091730147147;Wolfratshausen, St;2850;500;6430;5520
091740115115;Dachau, GKSt;7000;1490;12440;15230
091740126126;Karlsfeld;1800;530;5580;7610
091750115115;Ebersberg, St;1760;610;5100;3430
091750122122;Grafing b.München, St;1650;730;2420;4360
091750127127;Markt Schwaben, M;1380;240;4050;5100
091750132132;Vaterstetten;1680;1150;3670;7840
091750135135;Poing;1280;430;5390;5800
091760123123;Eichstätt, GKSt;3720;480;6310;2530
091760126126;Gaimersheim, M;1270;290;6680;4400
091770115115;Dorfen, St;2470;770;2290;4270
091770117117;Erding, St;7150;1150;12260;10530
091780120120;Eching;1520;520;6690;5330
091780124124;Freising, GKSt;12370;1410;33880;11710
091780143143;Moosburg a.d.Isar, St;2840;460;4130;5590
091780145145;Neufahrn b.Freising;2450;620;5020;7210
091790118118;Eichenau;890;450;1360;4380
091790121121;Fürstenfeldbruck, GKSt;6290;1190;11950;10340
091790123123;Germering, GKSt;4100;1180;6140;14020
091790126126;Gröbenzell;1480;790;3610;7320
091790134134;Maisach;1190;610;3110;5210
091790142142;Olching;2440;880;3100;10630
091790145145;Puchheim, St;1480;540;4780;7440
091800117117;Garmisch-Partenkirchen, M;8710;770;5980;2940
091800124124;Murnau a.Staffelsee, M;2900;450;5000;2430
091810114114;Dießen am Ammersee, M;1620;640;1370;2800
091810130130;Landsberg am Lech, GKSt;6510;970;11370;6950
091820120120;Holzkirchen, M;2630;620;6430;5050
091820125125;Miesbach, St;2750;240;4690;2960
091830128128;Mühldorf a.Inn, St;4040;410;10070;4180
091830148148;Waldkraiburg, St;4600;730;4420;5150
091840119119;Garching b.München, St;2900;450;16670;4910
091840120120;Gräfelfing;1140;670;6300;4260
091840122122;Grünwald;1020;870;6260;2910
091840123123;Haar;2290;570;7210;6820
091840130130;Ismaning;2290;640;10410;5650
091840131131;Kirchheim b.München;1270;570;6980;5020
091840134134;Oberhaching;1590;690;5450;4320
091840135135;Oberschleißheim;1120;310;4990;4270
091840136136;Ottobrunn;1770;900;9160;7370
091840138138;Planegg;1110;480;8460;3830
091840145145;Taufkirchen;1170;570;4520;6640
091840146146;Neubiberg;1030;500;8270;5020
091840148148;Unterhaching;1870;600;6400;9240
091840149149;Unterschleißheim, St;3480;750;13980;10050
091850149149;Neuburg a.d.Donau, GKSt;8240;960;9270;5340
091850158158;Schrobenhausen, St;4280;750;5140;3280
091860137137;Manching, M;1690;340;7130;4190
091860143143;Pfaffenhofen a.d.Ilm, St;5380;880;6860;6820
091860162162;Wolnzach, M;1980;530;2600;3390
091870117117;Bad Aibling, St;2860;680;5030;5220
091870122122;Bruckmühl, M;2600;630;3300;4920
091870130130;Feldkirchen-Westerham;1330;700;2100;3240
091870150150;Kolbermoor, St;2170;730;3990;6660
091870162162;Prien a.Chiemsee, M;2010;560;4220;2260
091870165165;Raubling;1650;640;4040;3640
091870182182;Wasserburg a.Inn, St;3270;470;8190;2730
091880120120;Gauting;2140;1020;3810;6510
091880121121;Gilching;2020;820;4330;6570
091880124124;Herrsching a.Ammersee;1500;560;2840;3040
091880139139;Starnberg, St;4510;1310;9050;5530
091890154154;Traunreut, St;5620;830;7900;3600
091890155155;Traunstein, GKSt;5080;800;12120;3680
091890157157;Trostberg, St;2280;390;3480;2960
091900139139;Peißenberg, M;2190;350;2330;3970
091900140140;Peiting, M;2120;430;2660;3030
091900141141;Penzberg, St;4880;310;6200;3290
091900148148;Schongau, St;3140;330;6500;2460
091900157157;Weilheim i.OB, St;4750;770;8510;5430
092610000000;Landshut;18110;1540;27450;11830
092620000000;Passau;15970;1480;24550;5570
092630000000;Straubing;14450;1520;21170;5910
092710119119;Deggendorf, GKSt;8910;1030;16350;6230
092710141141;Osterhofen, St;2200;330;2610;3510
092710146146;Plattling, St;2810;360;7470;3010
092720151151;Waldkirchen, St;2340;320;2640;3010
092730111111;Abensberg, St;2810;410;3260;3610
092730116116;Bad Abbach, M;1230;380;1480;4730
092730137137;Kelheim, St;3200;680;4840;3890
092730147147;Mainburg, St;3140;450;3550;3700
092730152152;Neustadt a.d.Donau, St;3640;390;6120;2870
092740113113;Altdorf, M;830;350;2000;4670
092740126126;Ergolding, M;1340;470;3900;4640
092740128128;Essenbach, M;1440;380;3660;4490
092740184184;Vilsbiburg, St;2740;480;5360;2540
092750126126;Hauzenberg, St;2000;790;2350;3190
092750141141;Pocking, St;2410;560;2990;4670
092750154154;Vilshofen an der Donau, St;3030;1060;4230;3980
092760138138;Regen, St;2730;400;5190;2390
092770116116;Eggenfelden, St;3730;310;6840;2310
092770138138;Pfarrkirchen, St;2860;500;5110;2580
092780118118;Bogen, St;2010;190;4150;2920
092790112112;Dingolfing, St;5960;320;22740;3030
092790122122;Landau a.d.Isar, St;2830;400;3660;3240
093610000000;Amberg;13260;1130;17950;6080
093620000000;Regensburg;47090;5580;77800;16080
093630000000;Weiden i.d.OPf.;13230;1310;18880;6070
093710151151;Sulzbach-Rosenberg, St;5410;310;5700;4090
093720116116;Cham, St;5020;470;12340;3250
093720153153;Roding, St;3680;300;6740;2460
093730147147;Neumarkt i.d.OPf., GKSt;12480;920;13550;6990
093750165165;Lappersdorf, M;790;550;1470;5250
093750174174;Neutraubling, St;2420;490;12350;3870
093750190190;Regenstauf, M;2060;520;3640;5440
093760119119;Burglengenfeld, St;1790;370;2960;4010
093760141141;Maxhütte-Haidhof, St;1230;190;2230;4130
093760161161;Schwandorf, GKSt;6880;700;8710;6240
094610000000;Bamberg;23060;1700;39830;11090
094620000000;Bayreuth;24040;2350;30940;6690
094630000000;Coburg;12760;1340;24900;5910
094640000000;Hof;13700;810;15960;5370
094710145145;Hirschaid, M;1830;480;3170;4170
094720175175;Pegnitz, St;3240;310;4490;3150
094730151151;Neustadt b.Coburg, GKSt;3260;610;3220;3540
094730159159;Rödental, St;1950;290;3280;4710
094740126126;Forchheim, GKSt;6700;890;9700;7790
094750154154;Münchberg, St;2220;400;3430;2320
094760145145;Kronach, St;4630;500;10050;3540
094770128128;Kulmbach, GKSt;7910;1010;9910;4210
094780139139;Lichtenfels, St;4440;430;5220;5280
094780165165;Bad Staffelstein, St;2050;430;2800;3020
094790136136;Marktredwitz, GKSt;4590;600;6970;2950
094790152152;Selb, GKSt;4570;260;3610;2360
095610000000;Ansbach;13070;830;19070;5920
095620000000;Erlangen;33310;3370;63250;16900
095630000000;Fürth;21040;3010;31040;36360
095640000000;Nürnberg;172410;14300;155170;56390
095650000000;Schwabach;7870;1130;10140;10500
095710136136;Dinkelsbühl, GKSt;2940;370;4330;2500
095710145145;Feuchtwangen, St;3670;380;4590;2520
095710193193;Rothenburg ob der Tauber, GKSt;3520;590;5340;1800
095720121121;Eckental, M;1620;440;2600;5340
095720132132;Herzogenaurach, St;6080;530;14760;5430
095720135135;Höchstadt a.d.Aisch, St;2570;330;4400;4130
095730114114;Cadolzburg, M;1240;250;2360;4090
095730120120;Langenzenn, St;1570;250;2690;3560
095730122122;Oberasbach, St;1180;570;1710;7090
095730127127;Stein, St;970;440;2430;5160
095730134134;Zirndorf, St;2870;660;5260;9970
095740112112;Altdorf b.Nürnberg, St;2790;550;4990;4680
095740117117;Burgthann;810;290;1130;4810
095740123123;Feucht, M;1350;360;2950;4610
095740132132;Hersbruck, St;2310;500;4320;3270
095740138138;Lauf a.d.Pegnitz, St;5140;510;9500;7560
095740152152;Röthenbach a.d.Pegnitz, St;1420;290;3760;4120
095750112112;Bad Windsheim, St;3480;220;3890;2470
095750153153;Neustadt a.d.Aisch, St;2990;350;5130;3290
095760127127;Hilpoltstein, St;2700;680;2980;3640
095760143143;Roth, St;5300;620;8470;7050
095760151151;Wendelstein, M;1780;590;3450;5610
095770136136;Gunzenhausen, St;4190;840;4470;2950
095770173173;Treuchtlingen, St;2170;360;2770;3530
095770177177;Weißenburg i.Bay., GKSt;4940;580;7130;3270
096610000000;Aschaffenburg;18330;2560;33930;14000
096620000000;Schweinfurt;15820;1950;45160;6370
096630000000;Würzburg;42100;3320;61570;17380
096710111111;Alzenau, St;3420;820;7090;5670
096710122122;Großostheim, M;2450;550;4610;5630
096710130130;Hösbach, M;1500;460;3240;4840
096710143143;Mömbris, M;1450;370;1220;4540
096720114114;Bad Kissingen, GKSt;5330;470;9140;3560
096720127127;Hammelburg, St;2560;350;4140;2540
096730114114;Bad Neustadt a.d.Saale, St;4930;420;13050;2270
096740147147;Haßfurt, St;3020;530;7130;3300
096750141141;Kitzingen, GKSt;4820;460;9420;4680
096770131131;Gemünden a.Main, St;1530;460;2660;3100
096770148148;Karlstadt, St;2570;720;3410;4380
096770155155;Lohr a.Main, St;4810;910;9120;2090
096770157157;Marktheidenfeld, St;2560;780;8450;2270
096780193193;Werneck, M;1840;150;2380;3520
096790170170;Ochsenfurt, St;2000;190;3540;3230
097610000000;Augsburg;88920;8020;76290;39880
097620000000;Kaufbeuren;12270;1000;9170;7120
097630000000;Kempten (Allgäu);20890;1480;21960;9720
097640000000;Memmingen;14950;1190;20030;5430
097710113113;Aichach, St;4750;930;5790;5000
097710130130;Friedberg, St;4470;970;7950;9590
097710142142;Kissing;970;440;1910;4460
097715705146;Mering, M;1220;600;2100;5190
097720125125;Bobingen, St;2390;460;3930;5390
097720147147;Gersthofen, St;3320;350;12560;7030
097720163163;Königsbrunn, St;3790;680;6690;9750
097720177177;Meitingen, M;1800;260;3820;3640
097720184184;Neusäß, St;2030;710;5130;8060
097720200200;Schwabmünchen, St;2550;540;3930;3950
097720202202;Stadtbergen, St;790;440;2270;5990
097730125125;Dillingen a.d.Donau, GKSt;4770;410;8110;4110
097730144144;Lauingen (Donau), St;2060;200;3100;3170
097740135135;Günzburg, GKSt;4820;420;10290;4200
097740150150;Krumbach (Schwaben), St;3090;450;4890;2900
097750129129;Illertissen, St;3060;550;5320;4750
097750135135;Neu-Ulm, GKSt;9120;1090;20750;17070
097750152152;Senden, St;2920;540;4360;7900
097750162162;Vöhringen, St;2020;180;3600;4370
097750164164;Weißenhorn, St;2720;420;4400;3930
097760116116;Lindau (Bodensee), GKSt;7520;1070;7820;3780
097760117117;Lindenberg i.Allgäu, St;3210;320;4020;2300
097770129129;Füssen, St;4250;360;4350;2550
097770151151;Marktoberdorf, St;4960;430;5650;3430
097775748121;Buchloe, St;2150;400;3330;3880
097780116116;Bad Wörishofen, St;3210;580;4020;2680
097780173173;Mindelheim, St;4120;530;6480;2710
097790131131;Donauwörth, GKSt;5300;450;12670;3940
097790194194;Nördlingen, GKSt;5730;1120;8270;3580
097800124124;Immenstadt i.Allgäu, St;3750;410;5720;3100
097800139139;Sonthofen, St;5260;450;5590;5110
100410100100;Saarbrücken, Landeshauptstadt;55840;4670;66500;21520
100410511511;Friedrichsthal, Stadt;930;320;1970;3890
100410513513;Heusweiler;1920;420;2770;6430
100410514514;Kleinblittersdorf;1470;290;1530;3500
100410515515;Püttlingen, Stadt;2360;/;3220;6620
100410516516;Quierschied;1040;230;1730;5230
100410517517;Riegelsberg;920;350;1560;5960
100410518518;Sulzbach/ Saar, Stadt;2170;260;7120;4980
100410519519;Völklingen, Stadt;6200;940;11120;10190
100420111111;Beckingen;1480;450;1130;5850
100420112112;Losheim am See;2620;370;3120;4950
100420113113;Merzig, Kreisstadt;6730;760;8470;6880
100420114114;Mettlach;1600;360;2580;4250
100420116116;Wadern, Stadt;3210;610;3760;4410
100430111111;Eppelborn;2110;490;1400;6470
100430112112;Illingen;2050;370;2780;5870
100430113113;Merchweiler;1010;/;1150;3550
100430114114;Neunkirchen, Kreisstadt;9740;530;16210;10640
100430115115;Ottweiler, Stadt;1820;290;2700;5000
100430116116;Schiffweiler;1420;290;1660;5940
100430117117;Spiesen-Elversberg;1120;260;2030;4900
100440111111;Dillingen/ Saar, Stadt;3270;420;12090;5560
100440112112;Lebach, Stadt;2480;360;4810;6050
100440114114;Rehlingen-Siersburg;1390;370;1220;5670
100440115115;Saarlouis, Kreisstadt;8170;660;23770;7540
100440116116;Saarwellingen;1120;280;3510;4890
100440117117;Schmelz;2100;430;2250;5380
100440118118;Schwalbach;1320;380;1550;6400
100440119119;Überherrn;1330;170;2230;4330
100440120120;Wadgassen;1460;640;1490;6300
100450111111;Bexbach, Stadt;2160;290;3240;6230
100450112112;Blieskastel, Stadt;3180;630;3130;6800
100450114114;Homburg, Kreisstadt;11780;640;23520;6780
100450115115;Kirkel;940;320;2870;3850
100450116116;Mandelbachtal;900;320;690;4030
100450117117;St. Ingbert, Stadt;8040;690;11780;9020
100460112112;Marpingen;1020;160;870;4030
100460114114;Nohfelden;1200;360;1490;3540
100460117117;St. Wendel, Kreisstadt;6320;390;10160;6160
100460118118;Tholey;1690;260;1690;4230
110000000000;Berlin, Stadt;1321880;110490;282510;141070
120510000000;Brandenburg an der Havel, Stadt;23470;1580;12380;8840
120520000000;Cottbus, Stadt;34970;2430;23430;11490
120530000000;Frankfurt (Oder), Stadt;21060;1160;12880;5930
120540000000;Potsdam, Stadt;48220;3980;48790;32420
120600005005;Ahrensfelde;1140;390;4260;6830
120600020020;Bernau bei Berlin, Stadt;5760;1020;7720;11900
120600052052;Eberswalde, Stadt;10550;760;10360;5930
120600181181;Panketal;1130;530;1590;9290
120600198198;Schorfheide;1360;460;1710;3590
120600269269;Wandlitz;2680;810;1930;7740
120610260260;Königs Wusterhausen, Stadt;4700;1080;7270;11080
120610316316;Lübben (Spreewald), Stadt;3320;500;4280;3020
120610320320;Luckau, Stadt;2260;230;2260;2450
120610433433;Schönefeld;1020;360;9370;5720
120610572572;Zeuthen;650;230;2070;4390
120620024024;Bad Liebenwerda, Stadt;2130;240;1640;2520
120620140140;Finsterwalde, Stadt;4450;280;4610;2510
120620224224;Herzberg (Elster), Stadt;2560;310;2810;1690
120630036036;Brieselang;1050;340;1510;4570
120630080080;Falkensee, Stadt;5010;1350;5070;14150
120630208208;Nauen, Stadt;3500;250;5480;4540
120630252252;Rathenow, Stadt;6590;720;4360;3990
120640044044;Bad Freienwalde (Oder), Stadt;2760;310;2240;2630
120640136136;Fredersdorf-Vogelsdorf;1060;350;1680;5710
120640227227;Hoppegarten;1120;1030;6070;7670
120640336336;Neuenhagen bei Berlin;1400;370;3530;7470
120640380380;Petershagen/Eggersdorf;980;460;980;6250
120640428428;Rüdersdorf bei Berlin;2660;410;3990;4500
120640472472;Strausberg, Stadt;5160;610;6940;6920
120650096096;Glienicke/Nordbahn;690;490;1590;4830
120650136136;Hennigsdorf, Stadt;4040;580;8970;7770
120650144144;Hohen Neuendorf, Stadt;1880;980;2640;10200
120650225225;Mühlenbecker Land;840;430;1570;6700
120650251251;Oberkrämer;810;260;1510;4770
120650256256;Oranienburg, Stadt;8390;1110;9500;11830
120650332332;Velten, Stadt;1370;260;4190;4250
120650356356;Zehdenick, Stadt;2760;230;1690;3490
120660112112;Großräschen, Stadt;1800;180;1920;2270
120660176176;Lauchhammer, Stadt;2890;630;2920;3380
120660196196;Lübbenau/Spreewald, Stadt;3800;340;3370;3330
120660304304;Senftenberg, Stadt;5740;840;7290;4580
120670120120;Eisenhüttenstadt, Stadt;9250;580;7180;2720
120670124124;Erkner, Stadt;1460;200;2540;4120
120670144144;Fürstenwalde/Spree, Stadt;7760;710;8570;6320
120670440440;Schöneiche bei Berlin;1050;280;1590;4990
120680320320;Neuruppin, Stadt;10710;390;7030;3980
120680468468;Wittstock/Dosse, Stadt;4240;290;2680;2750
120690017017;Beelitz, Stadt;2000;400;3430;4310
120690020020;Bad Belzig, Stadt;2510;380;2190;2730
120690304304;Kleinmachnow;1100;1120;4470;7410
120690306306;Kloster Lehnin;1700;360;2100;4140
120690397397;Michendorf;950;440;1920;5120
120690590590;Schwielowsee;970;370;2510;4090
120690604604;Stahnsdorf;1170;390;3950;6340
120690616616;Teltow, Stadt;2310;600;8230;9000
120690656656;Werder (Havel), Stadt;3730;730;4790;8310
120700296296;Perleberg, Stadt;3370;440;3760;2050
120700316316;Pritzwalk, Stadt;3260;320;2540;2410
120700424424;Wittenberge, Stadt;4680;280;3480;2630
120710076076;Forst (Lausitz), Stadt;4470;570;2700;3600
120710160160;Guben, Stadt;5070;490;2340;2540
120710372372;Spremberg, Stadt;6100;880;5600;4560
120720017017;Blankenfelde-Mahlow;2490;530;5920;11300
120720169169;Jüterbog, Stadt;2520;160;2050;3190
120720232232;Luckenwalde, Stadt;5510;370;5710;3900
120720240240;Ludwigsfelde, Stadt;5160;810;9040;7000
120720340340;Rangsdorf;1110;330;3070;4230
120720477477;Zossen, Stadt;2290;390;3910;6210
120730008008;Angermünde, Stadt;3090;360;2170;3220
120730452452;Prenzlau, Stadt;6040;570;6130;2200
120730532532;Schwedt/Oder, Stadt;10870;620;5440;2830
120730572572;Templin, Stadt;4620;290;2240;2740
130010000000;Greifswald, Hansestadt;19190;1250;13930;5840
130020000000;Neubrandenburg, Stadt;23900;970;17760;5960
130030000000;Rostock, Hansestadt;73010;3420;36410;19520
130040000000;Schwerin, Landeshauptstadt;31990;1850;26340;9960
130050000000;Stralsund, Hansestadt;18400;930;14180;5440
130060000000;Wismar, Hansestadt;12270;460;9360;5680
130510004004;Bad Doberan, Stadt;2090;210;3970;2950
130520018018;Demmin, Hansestadt;2800;270;3310;1500
130530031031;Güstrow, Stadt;8310;430;6990;4240
130540013013;Boizenburg/ Elbe, Stadt;2150;130;2080;2780
130540043043;Hagenow, Stadt;2760;250;4530;2560
130540069069;Ludwigslust, Stadt;2900;480;4640;2340
130550050050;Neustrelitz, Stadt;6130;340;4960;2700
130560072072;Waren (Müritz), Stadt;6780;370;5520;2660
130570036036;Grimmen, Stadt;2370;130;2680;1730
130575725074;Ribnitz-Damgarten, Stadt;3760;310;3020;3120
130580034034;Grevesmühlen, Stadt;2310;240;2960;2710
130590002002;Anklam, Stadt;3630;/;3430;1720
130595922101;Wolgast, Stadt;2270;250;3060;2370
130600056056;Parchim, Stadt;4950;560;5570;2410
130610035035;Sassnitz, Stadt;2540;150;2040;1910
130615120004;Bergen auf Rügen, Stadt;3500;300;3610;3330
130620043043;Pasewalk, Stadt;2800;260;4780;1570
130620059059;Ueckermünde, Stadt;2260;140;2170;1460
145110000000;Chemnitz, Stadt;80860;7310;52430;24680
145210020020;Annaberg-Buchholz, Stadt;5320;550;7290;4150
145210030030;Aue, Stadt;3090;360;7980;3820
145210450450;Oelsnitz/Erzgeb., Stadt;1810;330;1870;3720
145210460460;Olbernhau, Stadt;2410;240;2710;1820
145210530530;Schneeberg, Stadt;2550;280;1800;4270
145210550550;Schwarzenberg/Erzgeb., Stadt;3840;400;4370;4500
145215116390;Marienberg, Stadt;3340;570;5100;2910
145215133590;Stollberg/Erzgeb., Stadt;2310;310;5640;3350
145215138690;Zschopau, Stadt;1730;170;3790;2810
145215140710;Zwönitz, Stadt;2260;260;2300;3060
145220050050;Brand-Erbisdorf, Stadt;1910;190;3350;3140
145220150150;Frankenberg/Sa., Stadt;2790;340;3680;4500
145225102060;Burgstädt, Stadt;1650;180;3280;3520
145225105080;Döbeln, Stadt;4950;540;6880;4070
145225109180;Freiberg, Stadt;11570;1260;13850;6360
145225119360;Mittweida, Stadt;3320;390;5770;3140
145230020020;Auerbach/Vogtl., Stadt;3200;440;3760;5400
145230320320;Plauen, Stadt;18320;1660;12140;10650
145235122300;Oelsnitz/Vogtl., Stadt;2460;170;4240;2870
145235125340;Reichenbach im Vogtland, Stadt;3760;540;4830;4500
145240080080;Glauchau, Stadt;4970;520;8250;5270
145240120120;Hohenstein-Ernstthal, Stadt;2270;290;4240;4600
145240200200;Mülsen;1580;260;1240;4580
145240300300;Werdau, Stadt;3730;680;4900;5480
145240320320;Wilkau-Haßlau, Stadt;1160;360;3040;3670
145240330330;Zwickau, Stadt;28930;2460;27260;15270
145245104030;Crimmitschau, Stadt;3950;600;4720;4690
145245114180;Limbach-Oberfrohna, Stadt;4410;610;6120;6750
145245118190;Meerane, Stadt;2940;180;4220;3920
145245128160;Lichtenstein/Sa., Stadt;2140;210;3160;3230
146120000000;Dresden, Stadt;197890;16220;85830;49380
146250020020;Bautzen, Stadt;11170;1300;17380;6100
146250240240;Hoyerswerda, Stadt;7850;620;5770;6580
146250480480;Radeberg, Stadt;3450;490;6380;5190
146255207040;Bischofswerda, Stadt;2230;320;3650;3090
146255216250;Kamenz, Stadt;3720;420;6290;3240
146260110110;Görlitz, Stadt;16300;1470;9740;5920
146260370370;Niesky, Stadt;2200;180;3330;2290
146260610610;Zittau, Stadt;6760;680;8590;4180
146265220290;Löbau, Stadt;3220;540;5980;3430
146265242600;Weißwasser/O.L., Stadt;4320;400;3830;3560
146270010010;Coswig, Stadt;3130;580;4280;6170
146270060060;Großenhain, Stadt;4120;830;4310;4330
146270140140;Meißen, Stadt;5800;1290;9630;5480
146270210210;Radebeul, Stadt;5050;1160;11130;10370
146270230230;Riesa, Stadt;8510;550;7970;5520
146270310310;Weinböhla;900;270;1030;4220
146280050050;Bannewitz;800;640;1570;4300
146280060060;Dippoldiswalde, Stadt;1980;320;3470;2990
146280110110;Freital, Stadt;6010;1140;6890;11760
146280160160;Heidenau, Stadt;1830;290;3420;5180
146280260260;Neustadt i. Sa., Stadt;2970;350;2440;3040
146280410410;Wilsdruff, Stadt;2000;360;5060;5240
146285229270;Pirna, Stadt;7180;1090;9650;8660
147130000000;Leipzig, Stadt;178910;18230;87980;49700
147290050050;Borna, Stadt;3870;320;6070;4580
147290140140;Frohburg, Stadt;1210;440;1020;3700
147290160160;Grimma, Stadt;6890;520;6250;6160
147290260260;Markkleeberg, Stadt;2480;950;5580;8340
147290270270;Markranstädt, Stadt;1880;450;3020;5520
147290410410;Wurzen, Stadt;3490;480;4850;4140
147300070070;Delitzsch, Stadt;5330;780;4730;6180
147300110110;Eilenburg, Stadt;3110;460;3520;3680
147300230230;Oschatz, Stadt;3550;630;4420;3120
147300270270;Schkeuditz, Stadt;3450;370;12030;4840
147300300300;Taucha, Stadt;1780;290;3840;4880
147305311310;Torgau, Stadt;4920;490;6540;3140
150010000000;Dessau-Roßlau, Stadt;26700;2520;14040;9840
150020000000;Halle (Saale), Stadt;71100;5840;43160;25830
150030000000;Magdeburg, Landeshauptstadt;77260;10200;47080;23900
150810135135;Gardelegen, Hansestadt;6660;320;3990;5100
150810280280;Klötze, Stadt;2080;210;1680;3150
150810455455;Salzwedel, Hansestadt;8000;650;4090;4200
150820015015;Bitterfeld-Wolfen, Stadt;11380;840;14090;6870
150820180180;Köthen (Anhalt), Stadt;6350;570;6570;5180
150820241241;Muldestausee;1280;190;760;4740
150820301301;Raguhn-Jeßnitz, Stadt;1180;310;1680;3660
150820340340;Sandersdorf-Brehna, Stadt;1980;240;3210;5390
150820377377;Südliches Anhalt, Stadt;1820;280;1560;5250
150820430430;Zerbst/Anhalt, Stadt;6830;620;2900;4070
150830270270;Haldensleben, Stadt;5640;440;9630;3450
150830298298;Hohe Börde;2390;340;2230;8020
150830411411;Oebisfelde-Weferlingen, Stadt;1400;280;820;5670
150830415415;Oschersleben (Bode), Stadt;5350;340;3610;3780
150830531531;Wanzleben-Börde, Stadt;2340;360;1810;4970
150830565565;Wolmirstedt, Stadt;1630;270;2310;4320
150840235235;Hohenmölsen, Stadt;1370;370;1190;3490
150840355355;Naumburg (Saale), Stadt;8970;770;5830;6140
150840550550;Weißenfels, Stadt;11230;600;8040;7430
150840590590;Zeitz, Stadt;6350;440;6400;4920
150850055055;Blankenburg (Harz), Stadt;3530;600;2420;5780
150850135135;Halberstadt, Stadt;10010;1950;8130;6220
150850228228;Oberharz am Brocken, Stadt;1570;350;630;3760
150850230230;Osterwieck, Stadt;1880;210;1250;4000
150850235235;Quedlinburg, Stadt;6170;590;6300;5670
150850330330;Thale, Stadt;3660;290;2730;4600
150850370370;Wernigerode, Stadt;10490;1110;9640;5390
150860015015;Burg, Stadt;6080;790;6900;3690
150860040040;Genthin, Stadt;3710;660;2890;2980
150860055055;Gommern, Stadt;1740;250;1720;3530
150860140140;Möckern, Stadt;2380;380;1650;4200
150870130130;Eisleben, Lutherstadt;5290;430;5850;5100
150870220220;Hettstedt, Stadt;2780;450;3770;2770
150870370370;Sangerhausen, Stadt;6770;940;6670;4760
150880020020;Bad Dürrenberg, Stadt;1500;320;1970;3370
150880065065;Braunsbedra, Stadt;1140;240;1180;4050
150880195195;Landsberg, Stadt;2560;450;8200;5470
150880205205;Leuna, Stadt;2340;320;9690;4810
150880220220;Merseburg, Stadt;6090;840;10570;8060
150880295295;Petersberg;710;230;650;4500
150880305305;Querfurt, Stadt;2690;310;2690;2490
150880319319;Salzatal;1090;380;600;5360
150880330330;Schkopau;910;350;4160;4900
150880365365;Teutschenthal;1640;460;2520;5510
150890015015;Aschersleben, Stadt;7030;580;6140;4840
150890030030;Bernburg (Saale), Stadt;9880;1140;6950;5340
150890055055;Calbe (Saale), Stadt;1890;200;1680;2090
150890305305;Schönebeck (Elbe), Stadt;7490;540;6280;6500
150890310310;Staßfurt, Stadt;6160;560;4580;5720
150900415415;Osterburg (Altmark), Hansestadt;1800;660;1640;2520
150900535535;Stendal, Hansestadt;12210;920;8010;5500
150900550550;Tangermünde, Stadt;2240;290;1570;2840
150910060060;Coswig (Anhalt), Stadt;2510;310;2120;3320
150910145145;Jessen (Elster), Stadt;3420;630;2060;3310
150910160160;Kemberg, Stadt;1480;270;980;3540
150910375375;Wittenberg, Lutherstadt;14980;1210;8360;6240
160510000000;Erfurt, Stadt;74970;5900;44230;21790
160520000000;Gera, Stadt;30320;2430;15970;14150
160530000000;Jena, Stadt;39740;2360;25490;10450
160540000000;Suhl, Stadt;11380;830;9740;6980
160550000000;Weimar, Stadt;18200;3010;12840;9740
160560000000;Eisenach, Stadt;13130;1330;14000;6400
160610045045;Heilbad Heiligenstadt, Stadt;2780;320;3120;5100
160610115115;Leinefelde-Worbis, Stadt;4250;650;5540;4460
160620041041;Nordhausen, Stadt;12450;920;11990;5470
160635051003;Bad Salzungen, Stadt;3640;340;7660;3740
160640003003;Bad Langensalza, Stadt;4320;380;4330;3740
160640046046;Mühlhausen/Thüringen, Stadt;9650;860;10830;4590
160650067067;Sondershausen, Stadt;6790;740;5060;3090
160660063063;Schmalkalden, Kurort, Stadt;4650;1020;5280;4030
160660092092;Zella-Mehlis, Stadt;1840;690;3920;3380
160665050042;Meiningen, Stadt;5400;870;8150;4250
160670029029;Gotha, Stadt;11730;1400;13710;7950
160670072072;Waltershausen, Stadt;2040;410;3690;2610
160680051051;Sömmerda, Stadt;4770;610;5390;3880
160690024024;Hildburghausen, Stadt;2890;290;4310;2640
160700029029;Ilmenau, Stadt;6880;830;6780;4400
160705050004;Arnstadt, Stadt;5540;520;9420;4810
160710001001;Apolda, Stadt;5260;570;4080;4480
160720018018;Sonneberg, Stadt;6150;540;6300;4600
160730076076;Rudolstadt, Stadt;5850;570;5670;4660
160735050077;Saalfeld/Saale, Stadt;7070;920;8910;4440
160745052018;Eisenberg, Stadt;2280;290;3680;2570
160750085085;Pößneck, Stadt;3320;340;4940;2150
160765052022;Greiz, Stadt;4960;870;4040;3740
160765054087;Zeulenroda-Triebes, Stadt;3780;600;3560;3260
160770001001;Altenburg, Stadt;7680;540;7320;6530
160770032032;Meuselwitz, Stadt;1680;230;1580;3090
160770043043;Schmölln, Stadt;2670;170;4650;2830
